X_Flat,Y_Flat,Z_Zero,Intensity
-10.0,-10.0,0.0,-0.03266276512102376
-9.591836734693878,-10.0,0.0,0.06367153015374853
-9.183673469387756,-10.0,0.0,0.1339406790780479
-8.775510204081632,-10.0,0.0,0.1769559850899131
-8.36734693877551,-10.0,0.0,0.19318535846390494
-7.959183673469388,-10.0,0.0,0.18442704470080595
-7.551020408163265,-10.0,0.0,0.15479180010987753
-7.142857142857142,-10.0,0.0,0.11190193848059518
-6.73469387755102,-10.0,0.0,0.06719646389905497
-6.326530612244898,-10.0,0.0,0.034772245606529695
-5.918367346938775,-10.0,0.0,0.028935235038071078
-5.5102040816326525,-10.0,0.0,0.06121446734052191
-5.1020408163265305,-10.0,0.0,0.13778755226081946
-4.6938775510204085,-10.0,0.0,0.25806942753037154
-4.285714285714286,-10.0,0.0,0.414776046056677
-3.8775510204081627,-10.0,0.0,0.5952991910089338
-3.4693877551020407,-10.0,0.0,0.7838875607665415
-3.0612244897959187,-10.0,0.0,0.9640032994472854
-2.6530612244897958,-10.0,0.0,1.1203039246115627
-2.244897959183673,-10.0,0.0,1.2399222137112957
-1.8367346938775508,-10.0,0.0,1.312997512725009
-1.4285714285714288,-10.0,0.0,1.332673482280891
-1.020408163265305,-10.0,0.0,1.2949549788688683
-0.612244897959183,-10.0,0.0,1.198857932381317
-0.204081632653061,-10.0,0.0,1.0471537875859955
0.204081632653061,-10.0,0.0,0.847700674077422
0.612244897959183,-10.0,0.0,0.614924077483606
1.0204081632653068,-10.0,0.0,0.3705975734740702
1.4285714285714288,-10.0,0.0,0.14288193241166708
1.8367346938775508,-10.0,0.0,-0.03718859997298235
2.2448979591836746,-10.0,0.0,-0.1418362602497241
2.6530612244897966,-10.0,0.0,-0.15420592298443936
3.0612244897959187,-10.0,0.0,-0.07532693197085544
3.4693877551020407,-10.0,0.0,0.07249536489195432
3.8775510204081627,-10.0,0.0,0.2483049896260023
4.2857142857142865,-10.0,0.0,0.40193232756589115
4.6938775510204085,-10.0,0.0,0.4884996586337511
5.1020408163265305,-10.0,0.0,0.48371461545723843
5.510204081632654,-10.0,0.0,0.39428708316473915
5.918367346938776,-10.0,0.0,0.258506329234243
6.326530612244898,-10.0,0.0,0.13499960823027854
6.73469387755102,-10.0,0.0,0.08214915283706492
7.142857142857142,-10.0,0.0,0.1349050146239296
7.551020408163264,-10.0,0.0,0.28788232678336906
7.95918367346939,-10.0,0.0,0.49235988509108936
8.367346938775512,-10.0,0.0,0.6701099732823149
8.775510204081634,-10.0,0.0,0.7404309824014859
9.183673469387756,-10.0,0.0,0.6509278422374914
9.591836734693878,-10.0,0.0,0.4001072498528613
10.0,-10.0,0.0,0.04216110676408921
-10.0,-9.591836734693878,0.0,0.06367153015374853
-9.591836734693878,-9.591836734693878,0.0,0.1325688262692852
-9.183673469387756,-9.591836734693878,0.0,0.18346825746193549
-8.775510204081632,-9.591836734693878,0.0,0.21970666485845536
-8.36734693877551,-9.591836734693878,0.0,0.24201307038649084
-7.959183673469388,-9.591836734693878,0.0,0.24966001423468417
-7.551020408163265,-9.591836734693878,0.0,0.2432262343129051
-7.142857142857142,-9.591836734693878,0.0,0.2270723186152192
-6.73469387755102,-9.591836734693878,0.0,0.21007233374236348
-6.326530612244898,-9.591836734693878,0.0,0.2041723535973067
-5.918367346938775,-9.591836734693878,0.0,0.22138843927709048
-5.5102040816326525,-9.591836734693878,0.0,0.27046091893653645
-5.1020408163265305,-9.591836734693878,0.0,0.35438716410287185
-4.6938775510204085,-9.591836734693878,0.0,0.46958680486484716
-4.285714285714286,-9.591836734693878,0.0,0.6067961222608875
-3.8775510204081627,-9.591836734693878,0.0,0.753225087656986
-3.4693877551020407,-9.591836734693878,0.0,0.8952100145226614
-3.0612244897959187,-9.591836734693878,0.0,1.020583701284576
-2.6530612244897958,-9.591836734693878,0.0,1.1201888138009588
-2.244897959183673,-9.591836734693878,0.0,1.1882709118414527
-1.8367346938775508,-9.591836734693878,0.0,1.2218155235432484
-1.4285714285714288,-9.591836734693878,0.0,1.2191851963994387
-1.020408163265305,-9.591836734693878,0.0,1.178634243721867
-0.612244897959183,-9.591836734693878,0.0,1.0973912443743141
-0.204081632653061,-9.591836734693878,0.0,0.9719419810824056
0.204081632653061,-9.591836734693878,0.0,0.7998548788926945
0.612244897959183,-9.591836734693878,0.0,0.5829506444156968
1.0204081632653068,-9.591836734693878,0.0,0.3309201432042234
1.4285714285714288,-9.591836734693878,0.0,0.06387270053958526
1.8367346938775508,-9.591836734693878,0.0,-0.18791724659794395
2.2448979591836746,-9.591836734693878,0.0,-0.38830541462552554
2.6530612244897966,-9.591836734693878,0.0,-0.5035775077314975
3.0612244897959187,-9.591836734693878,0.0,-0.5129407444661093
3.4693877551020407,-9.591836734693878,0.0,-0.4177812679658288
3.8775510204081627,-9.591836734693878,0.0,-0.2456421429775416
4.2857142857142865,-9.591836734693878,0.0,-0.04587947922646776
4.6938775510204085,-9.591836734693878,0.0,0.12338595480330662
5.1020408163265305,-9.591836734693878,0.0,0.21384907819561877
5.510204081632654,-9.591836734693878,0.0,0.20491333150569652
5.918367346938776,-9.591836734693878,0.0,0.11365704319264902
6.326530612244898,-9.591836734693878,0.0,-0.008439776391641673
6.73469387755102,-9.591836734693878,0.0,-0.09271436430224678
7.142857142857142,-9.591836734693878,0.0,-0.07946840746401013
7.551020408163264,-9.591836734693878,0.0,0.056447266203597024
7.95918367346939,-9.591836734693878,0.0,0.2911345829795042
8.367346938775512,-9.591836734693878,0.0,0.5554001735686778
8.775510204081634,-9.591836734693878,0.0,0.7570779829806814
9.183673469387756,-9.591836734693878,0.0,0.8145243093442731
9.591836734693878,-9.591836734693878,0.0,0.6885954680208364
10.0,-9.591836734693878,0.0,0.4001072498528613
-10.0,-9.183673469387756,0.0,0.13394067907804788
-9.591836734693878,-9.183673469387756,0.0,0.18346825746193549
-9.183673469387756,-9.183673469387756,0.0,0.22988694068951826
-8.775510204081632,-9.183673469387756,0.0,0.27485743985148947
-8.36734693877551,-9.183673469387756,0.0,0.313304229463398
-7.959183673469388,-9.183673469387756,0.0,0.3375518654136912
-7.551020408163265,-9.183673469387756,0.0,0.3425772899501114
-7.142857142857142,-9.183673469387756,0.0,0.3296559757795974
-6.73469387755102,-9.183673469387756,0.0,0.3068684362932928
-6.326530612244898,-9.183673469387756,0.0,0.2865621912064066
-5.918367346938775,-9.183673469387756,0.0,0.2811390424925303
-5.5102040816326525,-9.183673469387756,0.0,0.2989962174783
-5.1020408163265305,-9.183673469387756,0.0,0.34208723952174863
-4.6938775510204085,-9.183673469387756,0.0,0.4057240951792508
-4.285714285714286,-9.183673469387756,0.0,0.4803629412922606
-3.8775510204081627,-9.183673469387756,0.0,0.5545339550375156
-3.4693877551020407,-9.183673469387756,0.0,0.6179060451747977
-3.0612244897959187,-9.183673469387756,0.0,0.6636402466131529
-2.6530612244897958,-9.183673469387756,0.0,0.68951390546008
-2.244897959183673,-9.183673469387756,0.0,0.6976422576489344
-1.8367346938775508,-9.183673469387756,0.0,0.6929141364570328
-1.4285714285714288,-9.183673469387756,0.0,0.680499689152158
-1.020408163265305,-9.183673469387756,0.0,0.6630142511114288
-0.612244897959183,-9.183673469387756,0.0,0.6381359402786391
-0.204081632653061,-9.183673469387756,0.0,0.5976034518438231
0.204081632653061,-9.183673469387756,0.0,0.5284250852090941
0.612244897959183,-9.183673469387756,0.0,0.4166681573775379
1.0204081632653068,-9.183673469387756,0.0,0.2533370319826318
1.4285714285714288,-9.183673469387756,0.0,0.04076987458333012
1.8367346938775508,-9.183673469387756,0.0,-0.20289248611692212
2.2448979591836746,-9.183673469387756,0.0,-0.44375206874533935
2.6530612244897966,-9.183673469387756,0.0,-0.6383049074841635
3.0612244897959187,-9.183673469387756,0.0,-0.7451868531636945
3.4693877551020407,-9.183673469387756,0.0,-0.7394077273124593
3.8775510204081627,-9.183673469387756,0.0,-0.6239664257530424
4.2857142857142865,-9.183673469387756,0.0,-0.43347632146796
4.6938775510204085,-9.183673469387756,0.0,-0.2265261077923798
5.1020408163265305,-9.183673469387756,0.0,-0.0675867736546467
5.510204081632654,-9.183673469387756,0.0,-0.003919689132817782
5.918367346938776,-9.183673469387756,0.0,-0.04611272160356722
6.326530612244898,-9.183673469387756,0.0,-0.16081249872096548
6.73469387755102,-9.183673469387756,0.0,-0.28036187421733066
7.142857142857142,-9.183673469387756,0.0,-0.3275089583238395
7.551020408163264,-9.183673469387756,0.0,-0.24668072193695878
7.95918367346939,-9.183673469387756,0.0,-0.029504379386386004
8.367346938775512,-9.183673469387756,0.0,0.2766093872806106
8.775510204081634,-9.183673469387756,0.0,0.5818763834756233
9.183673469387756,-9.183673469387756,0.0,0.7856927982696778
9.591836734693878,-9.183673469387756,0.0,0.8145243093442731
10.0,-9.183673469387756,0.0,0.6509278422374914
-10.0,-8.775510204081632,0.0,0.1769559850899131
-9.591836734693878,-8.775510204081632,0.0,0.21970666485845536
-9.183673469387756,-8.775510204081632,0.0,0.27485743985148947
-8.775510204081632,-8.775510204081632,0.0,0.3355554685959319
-8.36734693877551,-8.775510204081632,0.0,0.38615649002089214
-7.959183673469388,-8.775510204081632,0.0,0.4104425346088948
-7.551020408163265,-8.775510204081632,0.0,0.39930244929392955
-7.142857142857142,-8.775510204081632,0.0,0.3545921576947888
-6.73469387755102,-8.775510204081632,0.0,0.2880878635903902
-6.326530612244898,-8.775510204081632,0.0,0.21667845612864164
-5.918367346938775,-8.775510204081632,0.0,0.15624985648727163
-5.5102040816326525,-8.775510204081632,0.0,0.11674888598090882
-5.1020408163265305,-8.775510204081632,0.0,0.099963509170581
-4.6938775510204085,-8.775510204081632,0.0,0.10025466581264991
-4.285714285714286,-8.775510204081632,0.0,0.10743163632464964
-3.8775510204081627,-8.775510204081632,0.0,0.11049893673885114
-3.4693877551020407,-8.775510204081632,0.0,0.10109607927492198
-3.0612244897959187,-8.775510204081632,0.0,0.07585833939757342
-2.6530612244897958,-8.775510204081632,0.0,0.03736732906287882
-2.244897959183673,-8.775510204081632,0.0,-0.006338594381453455
-1.8367346938775508,-8.775510204081632,0.0,-0.043581899658441114
-1.4285714285714288,-8.775510204081632,0.0,-0.06199905311431497
-1.020408163265305,-8.775510204081632,0.0,-0.05228653616887577
-0.612244897959183,-8.775510204081632,0.0,-0.012099711653208306
-0.204081632653061,-8.775510204081632,0.0,0.05092863913274441
0.204081632653061,-8.775510204081632,0.0,0.11836961172270011
0.612244897959183,-8.775510204081632,0.0,0.16358068672404819
1.0204081632653068,-8.775510204081632,0.0,0.1581257833104825
1.4285714285714288,-8.775510204081632,0.0,0.08106738623025528
1.8367346938775508,-8.775510204081632,0.0,-0.07147323859075161
2.2448979591836746,-8.775510204081632,0.0,-0.2802233968188855
2.6530612244897966,-8.775510204081632,0.0,-0.503691747404493
3.0612244897959187,-8.775510204081632,0.0,-0.6877757094632351
3.4693877551020407,-8.775510204081632,0.0,-0.7823951994010379
3.8775510204081627,-8.775510204081632,0.0,-0.7599975710402873
4.2857142857142865,-8.775510204081632,0.0,-0.628705454585539
4.6938775510204085,-8.775510204081632,0.0,-0.4336102312301379
5.1020408163265305,-8.775510204081632,0.0,-0.24356610771585113
5.510204081632654,-8.775510204081632,0.0,-0.12666715776628196
5.918367346938776,-8.775510204081632,0.0,-0.12304749422099281
6.326530612244898,-8.775510204081632,0.0,-0.22612320264167607
6.73469387755102,-8.775510204081632,0.0,-0.3812593016418471
7.142857142857142,-8.775510204081632,0.0,-0.5043957283411797
7.551020408163264,-8.775510204081632,0.0,-0.5147821122876652
7.95918367346939,-8.775510204081632,0.0,-0.36924848339102856
8.367346938775512,-8.775510204081632,0.0,-0.08362225877182705
8.775510204081634,-8.775510204081632,0.0,0.2687022856751239
9.183673469387756,-8.775510204081632,0.0,0.5818763834756226
9.591836734693878,-8.775510204081632,0.0,0.7570779829806797
10.0,-8.775510204081632,0.0,0.7404309824014846
-10.0,-8.36734693877551,0.0,0.19318535846390494
-9.591836734693878,-8.36734693877551,0.0,0.24201307038649084
-9.183673469387756,-8.36734693877551,0.0,0.313304229463398
-8.775510204081632,-8.36734693877551,0.0,0.38615649002089214
-8.36734693877551,-8.36734693877551,0.0,0.4326156785153843
-7.959183673469388,-8.36734693877551,0.0,0.4302081190618815
-7.551020408163265,-8.36734693877551,0.0,0.37095227051537183
-7.142857142857142,-8.36734693877551,0.0,0.2636081122092619
-6.73469387755102,-8.36734693877551,0.0,0.12928228220051588
-6.326530612244898,-8.36734693877551,0.0,-0.00682427486730508
-5.918367346938775,-8.36734693877551,0.0,-0.12376812564553633
-5.5102040816326525,-8.36734693877551,0.0,-0.21032036355159722
-5.1020408163265305,-8.36734693877551,0.0,-0.2662963745611744
-4.6938775510204085,-8.36734693877551,0.0,-0.3002944353633451
-4.285714285714286,-8.36734693877551,0.0,-0.3254283732078718
-3.8775510204081627,-8.36734693877551,0.0,-0.35477028882740846
-3.4693877551020407,-8.36734693877551,0.0,-0.3976975732852382
-3.0612244897959187,-8.36734693877551,0.0,-0.4576274485226777
-2.6530612244897958,-8.36734693877551,0.0,-0.5311050229607565
-2.244897959183673,-8.36734693877551,0.0,-0.6080423806437978
-1.8367346938775508,-8.36734693877551,0.0,-0.6730180386138882
-1.4285714285714288,-8.36734693877551,0.0,-0.7077365205750734
-1.020408163265305,-8.36734693877551,0.0,-0.6947844950385252
-0.612244897959183,-8.36734693877551,0.0,-0.6225304600370591
-0.204081632653061,-8.36734693877551,0.0,-0.4903757750337741
0.204081632653061,-8.36734693877551,0.0,-0.3127779779396124
0.612244897959183,-8.36734693877551,0.0,-0.11996254257449607
1.0204081632653068,-8.36734693877551,0.0,0.046470545491769266
1.4285714285714288,-8.36734693877551,0.0,0.14344675727433454
1.8367346938775508,-8.36734693877551,0.0,0.13993591101462954
2.2448979591836746,-8.36734693877551,0.0,0.029849725091938673
2.6530612244897966,-8.36734693877551,0.0,-0.16111487608757147
3.0612244897959187,-8.36734693877551,0.0,-0.3791081831439589
3.4693877551020407,-8.36734693877551,0.0,-0.5572357711887714
3.8775510204081627,-8.36734693877551,0.0,-0.6383167760767875
4.2857142857142865,-8.36734693877551,0.0,-0.5972481711141286
4.6938775510204085,-8.36734693877551,0.0,-0.4535162500109664
5.1020408163265305,-8.36734693877551,0.0,-0.26706441211443405
5.510204081632654,-8.36734693877551,0.0,-0.11698654612770701
5.918367346938776,-8.36734693877551,0.0,-0.07002387470127366
6.326530612244898,-8.36734693877551,0.0,-0.15125983532528753
6.73469387755102,-8.36734693877551,0.0,-0.3298991138815431
7.142857142857142,-8.36734693877551,0.0,-0.527723911686607
7.551020408163264,-8.36734693877551,0.0,-0.6485327704417282
7.95918367346939,-8.36734693877551,0.0,-0.6174666495809027
8.367346938775512,-8.36734693877551,0.0,-0.4139369401978514
8.775510204081634,-8.36734693877551,0.0,-0.08362225877182694
9.183673469387756,-8.36734693877551,0.0,0.27660938728060747
9.591836734693878,-8.36734693877551,0.0,0.555400173568677
10.0,-8.36734693877551,0.0,0.670109973282314
-10.0,-7.959183673469388,0.0,0.18442704470080595
-9.591836734693878,-7.959183673469388,0.0,0.24966001423468417
-9.183673469387756,-7.959183673469388,0.0,0.3375518654136912
-8.775510204081632,-7.959183673469388,0.0,0.4104425346088948
-8.36734693877551,-7.959183673469388,0.0,0.4302081190618815
-7.959183673469388,-7.959183673469388,0.0,0.37417569837645226
-7.551020408163265,-7.959183673469388,0.0,0.24329767453215456
-7.142857142857142,-7.959183673469388,0.0,0.060326648261569166
-6.73469387755102,-7.959183673469388,0.0,-0.13977386335763392
-6.326530612244898,-7.959183673469388,0.0,-0.32223094779112504
-5.918367346938775,-7.959183673469388,0.0,-0.46262105204452275
-5.5102040816326525,-7.959183673469388,0.0,-0.5517237427563234
-5.1020408163265305,-7.959183673469388,0.0,-0.5947444014873645
-4.6938775510204085,-7.959183673469388,0.0,-0.6066939996978105
-4.285714285714286,-7.959183673469388,0.0,-0.606478865442821
-3.8775510204081627,-7.959183673469388,0.0,-0.6117608079341265
-3.4693877551020407,-7.959183673469388,0.0,-0.6355351255640864
-3.0612244897959187,-7.959183673469388,0.0,-0.684351242816368
-2.6530612244897958,-7.959183673469388,0.0,-0.7575918044904083
-2.244897959183673,-7.959183673469388,0.0,-0.8472800554786293
-1.8367346938775508,-7.959183673469388,0.0,-0.9383044816701046
-1.4285714285714288,-7.959183673469388,0.0,-1.0094578967144126
-1.020408163265305,-7.959183673469388,0.0,-1.0360138860130437
-0.612244897959183,-7.959183673469388,0.0,-0.9944567956018154
-0.204081632653061,-7.959183673469388,0.0,-0.8692742919222465
0.204081632653061,-7.959183673469388,0.0,-0.6604814444704288
0.612244897959183,-7.959183673469388,0.0,-0.3892214426555162
1.0204081632653068,-7.959183673469388,0.0,-0.09816272491357425
1.4285714285714288,-7.959183673469388,0.0,0.15574437426031185
1.8367346938775508,-7.959183673469388,0.0,0.31604321537897406
2.2448979591836746,-7.959183673469388,0.0,0.34541858725880525
2.6530612244897966,-7.959183673469388,0.0,0.24155330175179046
3.0612244897959187,-7.959183673469388,0.0,0.04285774263158809
3.4693877551020407,-7.959183673469388,0.0,-0.18055984416183024
3.8775510204081627,-7.959183673469388,0.0,-0.3497150219355323
4.2857142857142865,-7.959183673469388,0.0,-0.4060164782733484
4.6938775510204085,-7.959183673469388,0.0,-0.33546593836591426
5.1020408163265305,-7.959183673469388,0.0,-0.17675130776054493
5.510204081632654,-7.959183673469388,0.0,-0.007878304201963948
5.918367346938776,-7.959183673469388,0.0,0.08506635603877377
6.326530612244898,-7.959183673469388,0.0,0.04503004034267555
6.73469387755102,-7.959183673469388,0.0,-0.12881020288947476
7.142857142857142,-7.959183673469388,0.0,-0.37649902641543137
7.551020408163264,-7.959183673469388,0.0,-0.5989592897251133
7.95918367346939,-7.959183673469388,0.0,-0.6979109102169632
8.367346938775512,-7.959183673469388,0.0,-0.6174666495809022
8.775510204081634,-7.959183673469388,0.0,-0.3692484833910281
9.183673469387756,-7.959183673469388,0.0,-0.02950437938638678
9.591836734693878,-7.959183673469388,0.0,0.29113458297950345
10.0,-7.959183673469388,0.0,0.49235988509108936
-10.0,-7.551020408163265,0.0,0.15479180010987753
-9.591836734693878,-7.551020408163265,0.0,0.2432262343129051
-9.183673469387756,-7.551020408163265,0.0,0.3425772899501114
-8.775510204081632,-7.551020408163265,0.0,0.39930244929392955
-8.36734693877551,-7.551020408163265,0.0,0.37095227051537183
-7.959183673469388,-7.551020408163265,0.0,0.24329767453215453
-7.551020408163265,-7.551020408163265,0.0,0.034643309128762456
-7.142857142857142,-7.551020408163265,0.0,-0.21273907086851238
-6.73469387755102,-7.551020408163265,0.0,-0.44877113675253955
-6.326530612244898,-7.551020408163265,0.0,-0.6318954223564013
-5.918367346938775,-7.551020408163265,0.0,-0.7395733668092994
-5.5102040816326525,-7.551020408163265,0.0,-0.7705966668639608
-5.1020408163265305,-7.551020408163265,0.0,-0.7405900192674801
-4.6938775510204085,-7.551020408163265,0.0,-0.6742313721965183
-4.285714285714286,-7.551020408163265,0.0,-0.597753873299459
-3.8775510204081627,-7.551020408163265,0.0,-0.5338403631130415
-3.4693877551020407,-7.551020408163265,0.0,-0.49922081092696224
-3.0612244897959187,-7.551020408163265,0.0,-0.5040659800863748
-2.6530612244897958,-7.551020408163265,0.0,-0.5519493454459095
-2.244897959183673,-7.551020408163265,0.0,-0.6395070291134758
-1.8367346938775508,-7.551020408163265,0.0,-0.7555876067187736
-1.4285714285714288,-7.551020408163265,0.0,-0.8804006971543968
-1.020408163265305,-7.551020408163265,0.0,-0.9858042536530746
-0.612244897959183,-7.551020408163265,0.0,-1.0381846948933333
-0.204081632653061,-7.551020408163265,0.0,-1.0049957586289602
0.204081632653061,-7.551020408163265,0.0,-0.864643483129174
0.612244897959183,-7.551020408163265,0.0,-0.6172662142418956
1.0204081632653068,-7.551020408163265,0.0,-0.29200879675128877
1.4285714285714288,-7.551020408163265,0.0,0.054022667117667844
1.8367346938775508,-7.551020408163265,0.0,0.3478468082114016
2.2448979591836746,-7.551020408163265,0.0,0.5220726012085817
2.6530612244897966,-7.551020408163265,0.0,0.5390772311334848
3.0612244897959187,-7.551020408163265,0.0,0.40813575445288497
3.4693877551020407,-7.551020408163265,0.0,0.1867124279652973
3.8775510204081627,-7.551020408163265,0.0,-0.03738900340129059
4.2857142857142865,-7.551020408163265,0.0,-0.17816169517782748
4.6938775510204085,-7.551020408163265,0.0,-0.18572117423172974
5.1020408163265305,-7.551020408163265,0.0,-0.06811106030823816
5.510204081632654,-7.551020408163265,0.0,0.11015880832222769
5.918367346938776,-7.551020408163265,0.0,0.2541330460469921
6.326530612244898,-7.551020408163265,0.0,0.27924993130274106
6.73469387755102,-7.551020408163265,0.0,0.1497657709708185
7.142857142857142,-7.551020408163265,0.0,-0.10254604088017583
7.551020408163264,-7.551020408163265,0.0,-0.38877982767001895
7.95918367346939,-7.551020408163265,0.0,-0.5989592897251131
8.367346938775512,-7.551020408163265,0.0,-0.6485327704417285
8.775510204081634,-7.551020408163265,0.0,-0.5147821122876631
9.183673469387756,-7.551020408163265,0.0,-0.24668072193695756
9.591836734693878,-7.551020408163265,0.0,0.05644726620359691
10.0,-7.551020408163265,0.0,0.28788232678336906
-10.0,-7.142857142857142,0.0,0.11190193848059518
-9.591836734693878,-7.142857142857142,0.0,0.2270723186152192
-9.183673469387756,-7.142857142857142,0.0,0.3296559757795974
-8.775510204081632,-7.142857142857142,0.0,0.3545921576947888
-8.36734693877551,-7.142857142857142,0.0,0.2636081122092619
-7.959183673469388,-7.142857142857142,0.0,0.060326648261569166
-7.551020408163265,-7.142857142857142,0.0,-0.21273907086851238
-7.142857142857142,-7.142857142857142,0.0,-0.4918261266593323
-6.73469387755102,-7.142857142857142,0.0,-0.7150689076160756
-6.326530612244898,-7.142857142857142,0.0,-0.8412969642894583
-5.918367346938775,-7.142857142857142,0.0,-0.8583258086310468
-5.5102040816326525,-7.142857142857142,0.0,-0.7801858639690747
-5.1020408163265305,-7.142857142857142,0.0,-0.6372763367767716
-4.6938775510204085,-7.142857142857142,0.0,-0.46506155366939217
-4.285714285714286,-7.142857142857142,0.0,-0.2956419336661575
-3.8775510204081627,-7.142857142857142,0.0,-0.1537797084037974
-3.4693877551020407,-7.142857142857142,0.0,-0.056525774580649946
-3.0612244897959187,-7.142857142857142,0.0,-0.014520600882454382
-2.6530612244897958,-7.142857142857142,0.0,-0.0332491807650227
-2.244897959183673,-7.142857142857142,0.0,-0.1132661889440872
-1.8367346938775508,-7.142857142857142,0.0,-0.24905675117504333
-1.4285714285714288,-7.142857142857142,0.0,-0.4267393067477402
-1.020408163265305,-7.142857142857142,0.0,-0.6215736798984595
-0.612244897959183,-7.142857142857142,0.0,-0.7972222603926634
-0.204081632653061,-7.142857142857142,0.0,-0.909262057577809
0.204081632653061,-7.142857142857142,0.0,-0.9145948190498516
0.612244897959183,-7.142857142857142,0.0,-0.7857681840004089
1.0204081632653068,-7.142857142857142,0.0,-0.5256808649038138
1.4285714285714288,-7.142857142857142,0.0,-0.1756796755258828
1.8367346938775508,-7.142857142857142,0.0,0.18930504170504947
2.2448979591836746,-7.142857142857142,0.0,0.4804858829837955
2.6530612244897966,-7.142857142857142,0.0,0.6248582234496309
3.0612244897959187,-7.142857142857142,0.0,0.5937449164330326
3.4693877551020407,-7.142857142857142,0.0,0.4174167550578176
3.8775510204081627,-7.142857142857142,0.0,0.17718592352236132
4.2857142857142865,-7.142857142857142,0.0,-0.024464966061862242
4.6938775510204085,-7.142857142857142,0.0,-0.10491586827875765
5.1020408163265305,-7.142857142857142,0.0,-0.03644047833648412
5.510204081632654,-7.142857142857142,0.0,0.14081492705318427
5.918367346938776,-7.142857142857142,0.0,0.33512715052343917
6.326530612244898,-7.142857142857142,0.0,0.44301998929565534
6.73469387755102,-7.142857142857142,0.0,0.39569031602629956
7.142857142857142,-7.142857142857142,0.0,0.19121938998625276
7.551020408163264,-7.142857142857142,0.0,-0.10254604088017583
7.95918367346939,-7.142857142857142,0.0,-0.3764990264154333
8.367346938775512,-7.142857142857142,0.0,-0.5277239116866084
8.775510204081634,-7.142857142857142,0.0,-0.5043957283411795
9.183673469387756,-7.142857142857142,0.0,-0.3275089583238395
9.591836734693878,-7.142857142857142,0.0,-0.07946840746401013
10.0,-7.142857142857142,0.0,0.1349050146239296
-10.0,-6.73469387755102,0.0,0.06719646389905495
-9.591836734693878,-6.73469387755102,0.0,0.21007233374236348
-9.183673469387756,-6.73469387755102,0.0,0.3068684362932928
-8.775510204081632,-6.73469387755102,0.0,0.2880878635903902
-8.36734693877551,-6.73469387755102,0.0,0.1292822822005159
-7.959183673469388,-6.73469387755102,0.0,-0.13977386335763392
-7.551020408163265,-6.73469387755102,0.0,-0.44877113675253955
-7.142857142857142,-6.73469387755102,0.0,-0.7150689076160756
-6.73469387755102,-6.73469387755102,0.0,-0.8729500999754751
-6.326530612244898,-6.73469387755102,0.0,-0.8921447935583781
-5.918367346938775,-6.73469387755102,0.0,-0.7805210663012813
-5.5102040816326525,-6.73469387755102,0.0,-0.5735422898287954
-5.1020408163265305,-6.73469387755102,0.0,-0.317966198294583
-4.6938775510204085,-6.73469387755102,0.0,-0.05756022847354181
-4.285714285714286,-6.73469387755102,0.0,0.17473676138406655
-3.8775510204081627,-6.73469387755102,0.0,0.3581122625094882
-3.4693877551020407,-6.73469387755102,0.0,0.48131939855803785
-3.0612244897959187,-6.73469387755102,0.0,0.5392079257372121
-2.6530612244897958,-6.73469387755102,0.0,0.529973601838803
-2.244897959183673,-6.73469387755102,0.0,0.45354804141416477
-1.8367346938775508,-6.73469387755102,0.0,0.3114308575502389
-1.4285714285714288,-6.73469387755102,0.0,0.10869473971824523
-1.020408163265305,-6.73469387755102,0.0,-0.1414820233388765
-0.612244897959183,-6.73469387755102,0.0,-0.41224481421628534
-0.204081632653061,-6.73469387755102,0.0,-0.6602789888099796
0.204081632653061,-6.73469387755102,0.0,-0.8303807647152579
0.612244897959183,-6.73469387755102,0.0,-0.8695327191816089
1.0204081632653068,-6.73469387755102,0.0,-0.7474794902450188
1.4285714285714288,-6.73469387755102,0.0,-0.4754990667617166
1.8367346938775508,-6.73469387755102,0.0,-0.1130384686770296
2.2448979591836746,-6.73469387755102,0.0,0.2447167734585996
2.6530612244897966,-6.73469387755102,0.0,0.4971370377116755
3.0612244897959187,-6.73469387755102,0.0,0.5758348830806506
3.4693877551020407,-6.73469387755102,0.0,0.47370896600081563
3.8775510204081627,-6.73469387755102,0.0,0.25099738980324
4.2857142857142865,-6.73469387755102,0.0,0.01306821685632581
4.6938775510204085,-6.73469387755102,0.0,-0.132570138846623
5.1020408163265305,-6.73469387755102,0.0,-0.12212917913360044
5.510204081632654,-6.73469387755102,0.0,0.03633445531112539
5.918367346938776,-6.73469387755102,0.0,0.2661346927100902
6.326530612244898,-6.73469387755102,0.0,0.45616657819404915
6.73469387755102,-6.73469387755102,0.0,0.5112492417642232
7.142857142857142,-6.73469387755102,0.0,0.39569031602629956
7.551020408163264,-6.73469387755102,0.0,0.1497657709708179
7.95918367346939,-6.73469387755102,0.0,-0.12881020288947642
8.367346938775512,-6.73469387755102,0.0,-0.3298991138815444
8.775510204081634,-6.73469387755102,0.0,-0.3812593016418465
9.183673469387756,-6.73469387755102,0.0,-0.28036187421733066
9.591836734693878,-6.73469387755102,0.0,-0.09271436430224678
10.0,-6.73469387755102,0.0,0.08214915283706492
-10.0,-6.326530612244898,0.0,0.034772245606529695
-9.591836734693878,-6.326530612244898,0.0,0.2041723535973067
-9.183673469387756,-6.326530612244898,0.0,0.28656219120640664
-8.775510204081632,-6.326530612244898,0.0,0.21667845612864167
-8.36734693877551,-6.326530612244898,0.0,-0.006824274867305087
-7.959183673469388,-6.326530612244898,0.0,-0.32223094779112504
-7.551020408163265,-6.326530612244898,0.0,-0.6318954223564012
-7.142857142857142,-6.326530612244898,0.0,-0.8412969642894583
-6.73469387755102,-6.326530612244898,0.0,-0.8921447935583781
-6.326530612244898,-6.326530612244898,0.0,-0.7768089575738575
-5.918367346938775,-6.326530612244898,0.0,-0.5316279757531238
-5.5102040816326525,-6.326530612244898,0.0,-0.21633136360882538
-5.1020408163265305,-6.326530612244898,0.0,0.1087444138580225
-4.6938775510204085,-6.326530612244898,0.0,0.3980642949319231
-4.285714285714286,-6.326530612244898,0.0,0.6255923382970714
-3.8775510204081627,-6.326530612244898,0.0,0.7815590045180256
-3.4693877551020407,-6.326530612244898,0.0,0.8666172356183522
-3.0612244897959187,-6.326530612244898,0.0,0.887101677565728
-2.6530612244897958,-6.326530612244898,0.0,0.8517297875992559
-2.244897959183673,-6.326530612244898,0.0,0.7682489618307938
-1.8367346938775508,-6.326530612244898,0.0,0.6397666188256286
-1.4285714285714288,-6.326530612244898,0.0,0.46323552108832994
-1.020408163265305,-6.326530612244898,0.0,0.23353318753147817
-0.612244897959183,-6.326530612244898,0.0,-0.04619081511947748
-0.204081632653061,-6.326530612244898,0.0,-0.35240825707314516
0.204081632653061,-6.326530612244898,0.0,-0.6356486403464813
0.612244897959183,-6.326530612244898,0.0,-0.8286936781006189
1.0204081632653068,-6.326530612244898,0.0,-0.8692420367988841
1.4285714285714288,-6.326530612244898,0.0,-0.728954063454692
1.8367346938775508,-6.326530612244898,0.0,-0.4348023084588616
2.2448979591836746,-6.326530612244898,0.0,-0.06962464990969852
2.6530612244897966,-6.326530612244898,0.0,0.25272507725339644
3.0612244897959187,-6.326530612244898,0.0,0.4298748106049346
3.4693877551020407,-6.326530612244898,0.0,0.41331907228960896
3.8775510204081627,-6.326530612244898,0.0,0.23083225250702347
4.2857142857142865,-6.326530612244898,0.0,-0.023257967513741595
4.6938775510204085,-6.326530612244898,0.0,-0.22767667440756287
5.1020408163265305,-6.326530612244898,0.0,-0.2870035169797854
5.510204081632654,-6.326530612244898,0.0,-0.17379169717366016
5.918367346938776,-6.326530612244898,0.0,0.05982144478144452
6.326530612244898,-6.326530612244898,0.0,0.3069771730349418
6.73469387755102,-6.326530612244898,0.0,0.45616657819404915
7.142857142857142,-6.326530612244898,0.0,0.44301998929565534
7.551020408163264,-6.326530612244898,0.0,0.2792499313027408
7.95918367346939,-6.326530612244898,0.0,0.04503004034267649
8.367346938775512,-6.326530612244898,0.0,-0.1512598353252883
8.775510204081634,-6.326530612244898,0.0,-0.22612320264167535
9.183673469387756,-6.326530612244898,0.0,-0.16081249872096548
9.591836734693878,-6.326530612244898,0.0,-0.008439776391641673
10.0,-6.326530612244898,0.0,0.13499960823027854
-10.0,-5.918367346938775,0.0,0.028935235038071078
-9.591836734693878,-5.918367346938775,0.0,0.22138843927709048
-9.183673469387756,-5.918367346938775,0.0,0.2811390424925303
-8.775510204081632,-5.918367346938775,0.0,0.15624985648727163
-8.36734693877551,-5.918367346938775,0.0,-0.12376812564553631
-7.959183673469388,-5.918367346938775,0.0,-0.46262105204452275
-7.551020408163265,-5.918367346938775,0.0,-0.7395733668092994
-7.142857142857142,-5.918367346938775,0.0,-0.8583258086310469
-6.73469387755102,-5.918367346938775,0.0,-0.7805210663012813
-6.326530612244898,-5.918367346938775,0.0,-0.5316279757531238
-5.918367346938775,-5.918367346938775,0.0,-0.18124771050184565
-5.5102040816326525,-5.918367346938775,0.0,0.18881123647436382
-5.1020408163265305,-5.918367346938775,0.0,0.5123664503184788
-4.6938775510204085,-5.918367346938775,0.0,0.7520216063486436
-4.285714285714286,-5.918367346938775,0.0,0.897129905616498
-3.8775510204081627,-5.918367346938775,0.0,0.9540402426261954
-3.4693877551020407,-5.918367346938775,0.0,0.9375664873433905
-3.0612244897959187,-5.918367346938775,0.0,0.867650467993615
-2.6530612244897958,-5.918367346938775,0.0,0.7683715402348542
-2.244897959183673,-5.918367346938775,0.0,0.6636375386704132
-1.8367346938775508,-5.918367346938775,0.0,0.5676183527093386
-1.4285714285714288,-5.918367346938775,0.0,0.4750415080641415
-1.020408163265305,-5.918367346938775,0.0,0.36030394096741164
-0.612244897959183,-5.918367346938775,0.0,0.1907351859780108
-0.204081632653061,-5.918367346938775,0.0,-0.049957201441511834
0.204081632653061,-5.918367346938775,0.0,-0.34065478870352967
0.612244897959183,-5.918367346938775,0.0,-0.618458124396902
1.0204081632653068,-5.918367346938775,0.0,-0.7978967372644719
1.4285714285714288,-5.918367346938775,0.0,-0.8078558681983699
1.8367346938775508,-5.918367346938775,0.0,-0.6292088035747123
2.2448979591836746,-5.918367346938775,0.0,-0.31324114975611794
2.6530612244897966,-5.918367346938775,0.0,0.03133390738666186
3.0612244897959187,-5.918367346938775,0.0,0.27999332456399756
3.4693877551020407,-5.918367346938775,0.0,0.34508359667458055
3.8775510204081627,-5.918367346938775,0.0,0.2150829481061815
4.2857142857142865,-5.918367346938775,0.0,-0.039061054049024435
4.6938775510204085,-5.918367346938775,0.0,-0.29502837215392264
5.1020408163265305,-5.918367346938775,0.0,-0.43417214460241926
5.510204081632654,-5.918367346938775,0.0,-0.3949621367787892
5.918367346938776,-5.918367346938775,0.0,-0.1994594513178533
6.326530612244898,-5.918367346938775,0.0,0.05982144478144524
6.73469387755102,-5.918367346938775,0.0,0.2661346927100902
7.142857142857142,-5.918367346938775,0.0,0.3351271505234394
7.551020408163264,-5.918367346938775,0.0,0.25413304604699183
7.95918367346939,-5.918367346938775,0.0,0.08506635603877244
8.367346938775512,-5.918367346938775,0.0,-0.07002387470127516
8.775510204081634,-5.918367346938775,0.0,-0.12304749422099256
9.183673469387756,-5.918367346938775,0.0,-0.046112721603567886
9.591836734693878,-5.918367346938775,0.0,0.11365704319264902
10.0,-5.918367346938775,0.0,0.2585063292342429
-10.0,-5.5102040816326525,0.0,0.06121446734052191
-9.591836734693878,-5.5102040816326525,0.0,0.27046091893653645
-9.183673469387756,-5.5102040816326525,0.0,0.2989962174783001
-8.775510204081632,-5.5102040816326525,0.0,0.11674888598090882
-8.36734693877551,-5.5102040816326525,0.0,-0.21032036355159722
-7.959183673469388,-5.5102040816326525,0.0,-0.5517237427563235
-7.551020408163265,-5.5102040816326525,0.0,-0.7705966668639608
-7.142857142857142,-5.5102040816326525,0.0,-0.7801858639690746
-6.73469387755102,-5.5102040816326525,0.0,-0.5735422898287954
-6.326530612244898,-5.5102040816326525,0.0,-0.21633136360882538
-5.918367346938775,-5.5102040816326525,0.0,0.18881123647436382
-5.5102040816326525,-5.5102040816326525,0.0,0.5456219056527921
-5.1020408163265305,-5.5102040816326525,0.0,0.7941590662336966
-4.6938775510204085,-5.5102040816326525,0.0,0.9169655675981915
-4.285714285714286,-5.5102040816326525,0.0,0.9258247950071091
-3.8775510204081627,-5.5102040816326525,0.0,0.8434555464720697
-3.4693877551020407,-5.5102040816326525,0.0,0.6939285960406976
-3.0612244897959187,-5.5102040816326525,0.0,0.5054560605066764
-2.6530612244897958,-5.5102040816326525,0.0,0.31699967887737024
-2.244897959183673,-5.5102040816326525,0.0,0.17554432607255
-1.8367346938775508,-5.5102040816326525,0.0,0.11850225403396558
-1.4285714285714288,-5.5102040816326525,0.0,0.14999156870620217
-1.020408163265305,-5.5102040816326525,0.0,0.22860114459998304
-0.612244897959183,-5.5102040816326525,0.0,0.279819089784834
-0.204081632653061,-5.5102040816326525,0.0,0.2313098831543094
0.204081632653061,-5.5102040816326525,0.0,0.053836776008369475
0.612244897959183,-5.5102040816326525,0.0,-0.2152283304767294
1.0204081632653068,-5.5102040816326525,0.0,-0.4813326328063244
1.4285714285714288,-5.5102040816326525,0.0,-0.6336281355637222
1.8367346938775508,-5.5102040816326525,0.0,-0.5985861929166875
2.2448979591836746,-5.5102040816326525,0.0,-0.37956922466310394
2.6530612244897966,-5.5102040816326525,0.0,-0.061344905028821284
3.0612244897959187,-5.5102040816326525,0.0,0.22461151561717896
3.4693877551020407,-5.5102040816326525,0.0,0.35869788633914623
3.8775510204081627,-5.5102040816326525,0.0,0.2879804769692944
4.2857142857142865,-5.5102040816326525,0.0,0.05057446265555082
4.6938775510204085,-5.5102040816326525,0.0,-0.24272974594368663
5.1020408163265305,-5.5102040816326525,0.0,-0.4610576618927253
5.510204081632654,-5.5102040816326525,0.0,-0.5146813242945532
5.918367346938776,-5.5102040816326525,0.0,-0.394962136778791
6.326530612244898,-5.5102040816326525,0.0,-0.1737916971736626
6.73469387755102,-5.5102040816326525,0.0,0.03633445531112406
7.142857142857142,-5.5102040816326525,0.0,0.14081492705318305
7.551020408163264,-5.5102040816326525,0.0,0.1101588083222263
7.95918367346939,-5.5102040816326525,0.0,-0.007878304201964892
8.367346938775512,-5.5102040816326525,0.0,-0.11698654612770812
8.775510204081634,-5.5102040816326525,0.0,-0.12666715776628312
9.183673469387756,-5.5102040816326525,0.0,-0.003919689132816921
9.591836734693878,-5.5102040816326525,0.0,0.2049133315056966
10.0,-5.5102040816326525,0.0,0.39428708316474004
-10.0,-5.1020408163265305,0.0,0.13778755226081946
-9.591836734693878,-5.1020408163265305,0.0,0.3543871641028719
-9.183673469387756,-5.1020408163265305,0.0,0.3420872395217486
-8.775510204081632,-5.1020408163265305,0.0,0.099963509170581
-8.36734693877551,-5.1020408163265305,0.0,-0.2662963745611744
-7.959183673469388,-5.1020408163265305,0.0,-0.5947444014873645
-7.551020408163265,-5.1020408163265305,0.0,-0.7405900192674801
-7.142857142857142,-5.1020408163265305,0.0,-0.6372763367767718
-6.73469387755102,-5.1020408163265305,0.0,-0.317966198294583
-6.326530612244898,-5.1020408163265305,0.0,0.1087444138580225
-5.918367346938775,-5.1020408163265305,0.0,0.5123664503184788
-5.5102040816326525,-5.1020408163265305,0.0,0.7941590662336967
-5.1020408163265305,-5.1020408163265305,0.0,0.9151821998852634
-4.6938775510204085,-5.1020408163265305,0.0,0.8899015504214123
-4.285714285714286,-5.1020408163265305,0.0,0.7567731969324074
-3.8775510204081627,-5.1020408163265305,0.0,0.5492680689900695
-3.4693877551020407,-5.1020408163265305,0.0,0.28747168493530223
-3.0612244897959187,-5.1020408163265305,0.0,-0.006614717452907398
-2.6530612244897958,-5.1020408163265305,0.0,-0.28706256473317526
-2.244897959183673,-5.1020408163265305,0.0,-0.48047993117217136
-1.8367346938775508,-5.1020408163265305,0.0,-0.5131774649459475
-1.4285714285714288,-5.1020408163265305,0.0,-0.355480520698953
-1.020408163265305,-5.1020408163265305,0.0,-0.05285913269061182
-0.612244897959183,-5.1020408163265305,0.0,0.28064440988398465
-0.204081632653061,-5.1020408163265305,0.0,0.5084919061156091
0.204081632653061,-5.1020408163265305,0.0,0.5351779535297161
0.612244897959183,-5.1020408163265305,0.0,0.35404538232894345
1.0204081632653068,-5.1020408163265305,0.0,0.05342317244675515
1.4285714285714288,-5.1020408163265305,0.0,-0.22365821135504438
1.8367346938775508,-5.1020408163265305,0.0,-0.34707742902172045
2.2448979591836746,-5.1020408163265305,0.0,-0.2614480949579131
2.6530612244897966,-5.1020408163265305,0.0,-0.011931194565548253
3.0612244897959187,-5.1020408163265305,0.0,0.2782678656153173
3.4693877551020407,-5.1020408163265305,0.0,0.4674581381847613
3.8775510204081627,-5.1020408163265305,0.0,0.4630888959001024
4.2857142857142865,-5.1020408163265305,0.0,0.2645632965684015
4.6938775510204085,-5.1020408163265305,0.0,-0.03955021990229535
5.1020408163265305,-5.1020408163265305,0.0,-0.3177508316115685
5.510204081632654,-5.1020408163265305,0.0,-0.46105766189272607
5.918367346938776,-5.1020408163265305,0.0,-0.4341721446024197
6.326530612244898,-5.1020408163265305,0.0,-0.2870035169797854
6.73469387755102,-5.1020408163265305,0.0,-0.12212917913360044
7.142857142857142,-5.1020408163265305,0.0,-0.03644047833648412
7.551020408163264,-5.1020408163265305,0.0,-0.06811106030823799
7.95918367346939,-5.1020408163265305,0.0,-0.17675130776054598
8.367346938775512,-5.1020408163265305,0.0,-0.2670644121144358
8.775510204081634,-5.1020408163265305,0.0,-0.2435661077158502
9.183673469387756,-5.1020408163265305,0.0,-0.0675867736546467
9.591836734693878,-5.1020408163265305,0.0,0.21384907819561877
10.0,-5.1020408163265305,0.0,0.48371461545723843
-10.0,-4.6938775510204085,0.0,0.25806942753037154
-9.591836734693878,-4.6938775510204085,0.0,0.46958680486484716
-9.183673469387756,-4.6938775510204085,0.0,0.4057240951792508
-8.775510204081632,-4.6938775510204085,0.0,0.10025466581264988
-8.36734693877551,-4.6938775510204085,0.0,-0.3002944353633451
-7.959183673469388,-4.6938775510204085,0.0,-0.6066939996978105
-7.551020408163265,-4.6938775510204085,0.0,-0.6742313721965183
-7.142857142857142,-4.6938775510204085,0.0,-0.46506155366939217
-6.73469387755102,-4.6938775510204085,0.0,-0.05756022847354178
-6.326530612244898,-4.6938775510204085,0.0,0.3980642949319231
-5.918367346938775,-4.6938775510204085,0.0,0.7520216063486436
-5.5102040816326525,-4.6938775510204085,0.0,0.9169655675981915
-5.1020408163265305,-4.6938775510204085,0.0,0.8899015504214123
-4.6938775510204085,-4.6938775510204085,0.0,0.7278727352874664
-4.285714285714286,-4.6938775510204085,0.0,0.49761273646233234
-3.8775510204081627,-4.6938775510204085,0.0,0.23356841364489303
-3.4693877551020407,-4.6938775510204085,0.0,-0.06756769156709046
-3.0612244897959187,-4.6938775510204085,0.0,-0.4123311971307093
-2.6530612244897958,-4.6938775510204085,0.0,-0.7631890821980756
-2.244897959183673,-4.6938775510204085,0.0,-1.0216733714309112
-1.8367346938775508,-4.6938775510204085,0.0,-1.0661490245246845
-1.4285714285714288,-4.6938775510204085,0.0,-0.8237616976026696
-1.020408163265305,-4.6938775510204085,0.0,-0.3278171662276772
-0.612244897959183,-4.6938775510204085,0.0,0.2781380326456773
-0.204081632653061,-4.6938775510204085,0.0,0.7952019807572044
0.204081632653061,-4.6938775510204085,0.0,1.0557408192552578
0.612244897959183,-4.6938775510204085,0.0,0.9980390681089641
1.0204081632653068,-4.6938775510204085,0.0,0.691835979567522
1.4285714285714288,-4.6938775510204085,0.0,0.302716999051251
1.8367346938775508,-4.6938775510204085,0.0,0.013668614254989553
2.2448979591836746,-4.6938775510204085,0.0,-0.057696909958039944
2.6530612244897966,-4.6938775510204085,0.0,0.09265235018290582
3.0612244897959187,-4.6938775510204085,0.0,0.3619848453793183
3.4693877551020407,-4.6938775510204085,0.0,0.5965788688980469
3.8775510204081627,-4.6938775510204085,0.0,0.6685938122952692
4.2857142857142865,-4.6938775510204085,0.0,0.5365837858378657
4.6938775510204085,-4.6938775510204085,0.0,0.2597450408972118
5.1020408163265305,-4.6938775510204085,0.0,-0.03955021990229535
5.510204081632654,-4.6938775510204085,0.0,-0.2427297459436888
5.918367346938776,-4.6938775510204085,0.0,-0.2950283721539231
6.326530612244898,-4.6938775510204085,0.0,-0.22767667440756287
6.73469387755102,-4.6938775510204085,0.0,-0.132570138846623
7.142857142857142,-4.6938775510204085,0.0,-0.10491586827875765
7.551020408163264,-4.6938775510204085,0.0,-0.1857211742317295
7.95918367346939,-4.6938775510204085,0.0,-0.33546593836591315
8.367346938775512,-4.6938775510204085,0.0,-0.45351625001096874
8.775510204081634,-4.6938775510204085,0.0,-0.43361023123013703
9.183673469387756,-4.6938775510204085,0.0,-0.2265261077923798
9.591836734693878,-4.6938775510204085,0.0,0.12338595480330662
10.0,-4.6938775510204085,0.0,0.4884996586337511
-10.0,-4.285714285714286,0.0,0.414776046056677
-9.591836734693878,-4.285714285714286,0.0,0.6067961222608875
-9.183673469387756,-4.285714285714286,0.0,0.48036294129226065
-8.775510204081632,-4.285714285714286,0.0,0.10743163632464964
-8.36734693877551,-4.285714285714286,0.0,-0.3254283732078718
-7.959183673469388,-4.285714285714286,0.0,-0.606478865442821
-7.551020408163265,-4.285714285714286,0.0,-0.597753873299459
-7.142857142857142,-4.285714285714286,0.0,-0.29564193366615754
-6.73469387755102,-4.285714285714286,0.0,0.17473676138406655
-6.326530612244898,-4.285714285714286,0.0,0.6255923382970714
-5.918367346938775,-4.285714285714286,0.0,0.897129905616498
-5.5102040816326525,-4.285714285714286,0.0,0.9258247950071092
-5.1020408163265305,-4.285714285714286,0.0,0.7567731969324074
-4.6938775510204085,-4.285714285714286,0.0,0.49761273646233234
-4.285714285714286,-4.285714285714286,0.0,0.2437843839881232
-3.8775510204081627,-4.285714285714286,0.0,0.021178588945191812
-3.4693877551020407,-4.285714285714286,0.0,-0.21668133152494654
-3.0612244897959187,-4.285714285714286,0.0,-0.5306060097104884
-2.6530612244897958,-4.285714285714286,0.0,-0.9121755257903554
-2.244897959183673,-4.285714285714286,0.0,-1.2432086443698376
-1.8367346938775508,-4.285714285714286,0.0,-1.3457774337400377
-1.4285714285714288,-4.285714285714286,0.0,-1.0896540047214018
-1.020408163265305,-4.285714285714286,0.0,-0.4806142802393858
-0.612244897959183,-4.285714285714286,0.0,0.32259200937809085
-0.204081632653061,-4.285714285714286,0.0,1.0697639971033794
0.204081632653061,-4.285714285714286,0.0,1.5268632644859434
0.612244897959183,-4.285714285714286,0.0,1.5764535062358065
1.0204081632653068,-4.285714285714286,0.0,1.263385673504443
1.4285714285714288,-4.285714285714286,0.0,0.7664124020386587
1.8367346938775508,-4.285714285714286,0.0,0.3125316291737533
2.2448979591836746,-4.285714285714286,0.0,0.07684613095072365
2.6530612244897966,-4.285714285714286,0.0,0.1142311671464637
3.0612244897959187,-4.285714285714286,0.0,0.34973104016714107
3.4693877551020407,-4.285714285714286,0.0,0.6260128682695084
3.8775510204081627,-4.285714285714286,0.0,0.7851125478675167
4.2857142857142865,-4.285714285714286,0.0,0.7460603495199751
4.6938775510204085,-4.285714285714286,0.0,0.5365837858378655
5.1020408163265305,-4.285714285714286,0.0,0.26456329656840216
5.510204081632654,-4.285714285714286,0.0,0.05057446265555049
5.918367346938776,-4.285714285714286,0.0,-0.0390610540490246
6.326530612244898,-4.285714285714286,0.0,-0.023257967513740957
6.73469387755102,-4.285714285714286,0.0,0.013068216856326257
7.142857142857142,-4.285714285714286,0.0,-0.024464966061862548
7.551020408163264,-4.285714285714286,0.0,-0.17816169517782732
7.95918367346939,-4.285714285714286,0.0,-0.40601647827334975
8.367346938775512,-4.285714285714286,0.0,-0.5972481711141309
8.775510204081634,-4.285714285714286,0.0,-0.6287054545855388
9.183673469387756,-4.285714285714286,0.0,-0.43347632146796
9.591836734693878,-4.285714285714286,0.0,-0.04587947922646776
10.0,-4.285714285714286,0.0,0.40193232756589115
-10.0,-3.8775510204081627,0.0,0.5952991910089337
-9.591836734693878,-3.8775510204081627,0.0,0.753225087656986
-9.183673469387756,-3.8775510204081627,0.0,0.5545339550375156
-8.775510204081632,-3.8775510204081627,0.0,0.11049893673885114
-8.36734693877551,-3.8775510204081627,0.0,-0.35477028882740846
-7.959183673469388,-3.8775510204081627,0.0,-0.6117608079341265
-7.551020408163265,-3.8775510204081627,0.0,-0.5338403631130415
-7.142857142857142,-3.8775510204081627,0.0,-0.15377970840379737
-6.73469387755102,-3.8775510204081627,0.0,0.3581122625094882
-6.326530612244898,-3.8775510204081627,0.0,0.7815590045180255
-5.918367346938775,-3.8775510204081627,0.0,0.9540402426261955
-5.5102040816326525,-3.8775510204081627,0.0,0.8434555464720698
-5.1020408163265305,-3.8775510204081627,0.0,0.5492680689900695
-4.6938775510204085,-3.8775510204081627,0.0,0.23356841364489303
-4.285714285714286,-3.8775510204081627,0.0,0.021178588945191812
-3.8775510204081627,-3.8775510204081627,0.0,-0.07437556108392876
-3.4693877551020407,-3.8775510204081627,0.0,-0.15407204732122703
-3.0612244897959187,-3.8775510204081627,0.0,-0.3550466294029077
-2.6530612244897958,-3.8775510204081627,0.0,-0.7215066950143922
-2.244897959183673,-3.8775510204081627,0.0,-1.1218760922444102
-1.8367346938775508,-3.8775510204081627,0.0,-1.3180341940522053
-1.4285714285714288,-3.8775510204081627,0.0,-1.118246300639385
-1.020408163265305,-3.8775510204081627,0.0,-0.4929709670331851
-0.612244897959183,-3.8775510204081627,0.0,0.3977451304929899
-0.204081632653061,-3.8775510204081627,0.0,1.2700452748997688
0.204081632653061,-3.8775510204081627,0.0,1.8398379043666666
0.612244897959183,-3.8775510204081627,0.0,1.9440618090067312
1.0204081632653068,-3.8775510204081627,0.0,1.6037383002269188
1.4285714285714288,-3.8775510204081627,0.0,1.0032187533306627
1.8367346938775508,-3.8775510204081627,0.0,0.4006512118027547
2.2448979591836746,-3.8775510204081627,0.0,0.015619888863787762
2.6530612244897966,-3.8775510204081627,0.0,-0.053474415038826606
3.0612244897959187,-3.8775510204081627,0.0,0.14853598576797195
3.4693877551020407,-3.8775510204081627,0.0,0.4672888678847023
3.8775510204081627,-3.8775510204081627,0.0,0.7182367439183334
4.2857142857142865,-3.8775510204081627,0.0,0.7851125478675167
4.6938775510204085,-3.8775510204081627,0.0,0.6685938122952692
5.1020408163265305,-3.8775510204081627,0.0,0.4630888959001024
5.510204081632654,-3.8775510204081627,0.0,0.2879804769692937
5.918367346938776,-3.8775510204081627,0.0,0.21508294810618056
6.326530612244898,-3.8775510204081627,0.0,0.23083225250702347
6.73469387755102,-3.8775510204081627,0.0,0.25099738980324
7.142857142857142,-3.8775510204081627,0.0,0.17718592352236132
7.551020408163264,-3.8775510204081627,0.0,-0.0373890034012892
7.95918367346939,-3.8775510204081627,0.0,-0.3497150219355323
8.367346938775512,-3.8775510204081627,0.0,-0.6383167760767898
8.775510204081634,-3.8775510204081627,0.0,-0.7599975710402895
9.183673469387756,-3.8775510204081627,0.0,-0.6239664257530424
9.591836734693878,-3.8775510204081627,0.0,-0.2456421429775416
10.0,-3.8775510204081627,0.0,0.2483049896260023
-10.0,-3.4693877551020407,0.0,0.7838875607665415
-9.591836734693878,-3.4693877551020407,0.0,0.8952100145226614
-9.183673469387756,-3.4693877551020407,0.0,0.6179060451747977
-8.775510204081632,-3.4693877551020407,0.0,0.10109607927492198
-8.36734693877551,-3.4693877551020407,0.0,-0.3976975732852382
-7.959183673469388,-3.4693877551020407,0.0,-0.6355351255640864
-7.551020408163265,-3.4693877551020407,0.0,-0.49922081092696224
-7.142857142857142,-3.4693877551020407,0.0,-0.056525774580649946
-6.73469387755102,-3.4693877551020407,0.0,0.48131939855803785
-6.326530612244898,-3.4693877551020407,0.0,0.8666172356183521
-5.918367346938775,-3.4693877551020407,0.0,0.9375664873433905
-5.5102040816326525,-3.4693877551020407,0.0,0.6939285960406976
-5.1020408163265305,-3.4693877551020407,0.0,0.28747168493530223
-4.6938775510204085,-3.4693877551020407,0.0,-0.06756769156709047
-4.285714285714286,-3.4693877551020407,0.0,-0.21668133152494656
-3.8775510204081627,-3.4693877551020407,0.0,-0.15407204732122703
-3.4693877551020407,-3.4693877551020407,0.0,-0.028494014350881565
-3.0612244897959187,-3.4693877551020407,0.0,-0.05961992980444575
-2.6530612244897958,-3.4693877551020407,0.0,-0.3735340074629012
-2.244897959183673,-3.4693877551020407,0.0,-0.8233127466742334
-1.8367346938775508,-3.4693877551020407,0.0,-1.113628791616783
-1.4285714285714288,-3.4693877551020407,0.0,-1.0059329488525626
-1.020408163265305,-3.4693877551020407,0.0,-0.43953644856510177
-0.612244897959183,-3.4693877551020407,0.0,0.43475528841832806
-0.204081632653061,-3.4693877551020407,0.0,1.3205760195693337
0.204081632653061,-3.4693877551020407,0.0,1.9077962235670856
0.612244897959183,-3.4693877551020407,0.0,2.0064150951076902
1.0204081632653068,-3.4693877551020407,0.0,1.6212011203555612
1.4285714285714288,-3.4693877551020407,0.0,0.9369691792288253
1.8367346938775508,-3.4693877551020407,0.0,0.22776831537964498
2.2448979591836746,-3.4693877551020407,0.0,-0.26241248211563134
2.6530612244897966,-3.4693877551020407,0.0,-0.40952630716884775
3.0612244897959187,-3.4693877551020407,0.0,-0.23002915437354343
3.4693877551020407,-3.4693877551020407,0.0,0.13430058736803918
3.8775510204081627,-3.4693877551020407,0.0,0.4672888678847023
4.2857142857142865,-3.4693877551020407,0.0,0.6260128682695089
4.6938775510204085,-3.4693877551020407,0.0,0.5965788688980469
5.1020408163265305,-3.4693877551020407,0.0,0.4674581381847613
5.510204081632654,-3.4693877551020407,0.0,0.35869788633914607
5.918367346938776,-3.4693877551020407,0.0,0.3450835966745802
6.326530612244898,-3.4693877551020407,0.0,0.41331907228960896
6.73469387755102,-3.4693877551020407,0.0,0.47370896600081563
7.142857142857142,-3.4693877551020407,0.0,0.4174167550578176
7.551020408163264,-3.4693877551020407,0.0,0.18671242796529836
7.95918367346939,-3.4693877551020407,0.0,-0.1805598441618318
8.367346938775512,-3.4693877551020407,0.0,-0.5572357711887723
8.775510204081634,-3.4693877551020407,0.0,-0.7823951994010383
9.183673469387756,-3.4693877551020407,0.0,-0.7394077273124593
9.591836734693878,-3.4693877551020407,0.0,-0.4177812679658288
10.0,-3.4693877551020407,0.0,0.07249536489195432
-10.0,-3.0612244897959187,0.0,0.9640032994472854
-9.591836734693878,-3.0612244897959187,0.0,1.0205837012845762
-9.183673469387756,-3.0612244897959187,0.0,0.663640246613153
-8.775510204081632,-3.0612244897959187,0.0,0.07585833939757343
-8.36734693877551,-3.0612244897959187,0.0,-0.45762744852267767
-7.959183673469388,-3.0612244897959187,0.0,-0.6843512428163682
-7.551020408163265,-3.0612244897959187,0.0,-0.5040659800863748
-7.142857142857142,-3.0612244897959187,0.0,-0.014520600882454437
-6.73469387755102,-3.0612244897959187,0.0,0.5392079257372122
-6.326530612244898,-3.0612244897959187,0.0,0.887101677565728
-5.918367346938775,-3.0612244897959187,0.0,0.867650467993615
-5.5102040816326525,-3.0612244897959187,0.0,0.5054560605066765
-5.1020408163265305,-3.0612244897959187,0.0,-0.006614717452907426
-4.6938775510204085,-3.0612244897959187,0.0,-0.41233119713070937
-4.285714285714286,-3.0612244897959187,0.0,-0.5306060097104884
-3.8775510204081627,-3.0612244897959187,0.0,-0.3550466294029077
-3.4693877551020407,-3.0612244897959187,0.0,-0.059619929804445755
-3.0612244897959187,-3.0612244897959187,0.0,0.09523413626307375
-2.6530612244897958,-3.0612244897959187,0.0,-0.15408419700457548
-2.244897959183673,-3.0612244897959187,0.0,-0.6021298577511275
-1.8367346938775508,-3.0612244897959187,0.0,-0.9364279036703171
-1.4285714285714288,-3.0612244897959187,0.0,-0.9050526610650547
-1.020408163265305,-3.0612244897959187,0.0,-0.427540883035562
-0.612244897959183,-3.0612244897959187,0.0,0.36221178398516374
-0.204081632653061,-3.0612244897959187,0.0,1.1770465297260093
0.204081632653061,-3.0612244897959187,0.0,1.7079546604312525
0.612244897959183,-3.0612244897959187,0.0,1.760933901791331
1.0204081632653068,-3.0612244897959187,0.0,1.3358218552815138
1.4285714285714288,-3.0612244897959187,0.0,0.6147987913876127
1.8367346938775508,-3.0612244897959187,0.0,-0.12752642019110727
2.2448979591836746,-3.0612244897959187,0.0,-0.645075518014202
2.6530612244897966,-3.0612244897959187,0.0,-0.8144172157005483
3.0612244897959187,-3.0612244897959187,0.0,-0.6462647139300665
3.4693877551020407,-3.0612244897959187,0.0,-0.23002915437354343
3.8775510204081627,-3.0612244897959187,0.0,0.14853598576797195
4.2857142857142865,-3.0612244897959187,0.0,0.34973104016714085
4.6938775510204085,-3.0612244897959187,0.0,0.3619848453793183
5.1020408163265305,-3.0612244897959187,0.0,0.2782678656153173
5.510204081632654,-3.0612244897959187,0.0,0.22461151561717935
5.918367346938776,-3.0612244897959187,0.0,0.2799933245639976
6.326530612244898,-3.0612244897959187,0.0,0.4298748106049346
6.73469387755102,-3.0612244897959187,0.0,0.5758348830806506
7.142857142857142,-3.0612244897959187,0.0,0.5937449164330326
7.551020408163264,-3.0612244897959187,0.0,0.4081357544528862
7.95918367346939,-3.0612244897959187,0.0,0.042857742631586204
8.367346938775512,-3.0612244897959187,0.0,-0.37910818314396144
8.775510204081634,-3.0612244897959187,0.0,-0.6877757094632355
9.183673469387756,-3.0612244897959187,0.0,-0.7451868531636945
9.591836734693878,-3.0612244897959187,0.0,-0.5129407444661093
10.0,-3.0612244897959187,0.0,-0.07532693197085544
-10.0,-2.6530612244897958,0.0,1.1203039246115625
-9.591836734693878,-2.6530612244897958,0.0,1.1201888138009588
-9.183673469387756,-2.6530612244897958,0.0,0.6895139054600801
-8.775510204081632,-2.6530612244897958,0.0,0.037367329062878804
-8.36734693877551,-2.6530612244897958,0.0,-0.5311050229607565
-7.959183673469388,-2.6530612244897958,0.0,-0.7575918044904084
-7.551020408163265,-2.6530612244897958,0.0,-0.5519493454459095
-7.142857142857142,-2.6530612244897958,0.0,-0.0332491807650227
-6.73469387755102,-2.6530612244897958,0.0,0.529973601838803
-6.326530612244898,-2.6530612244897958,0.0,0.8517297875992559
-5.918367346938775,-2.6530612244897958,0.0,0.7683715402348542
-5.5102040816326525,-2.6530612244897958,0.0,0.31699967887737024
-5.1020408163265305,-2.6530612244897958,0.0,-0.2870625647331753
-4.6938775510204085,-2.6530612244897958,0.0,-0.7631890821980758
-4.285714285714286,-2.6530612244897958,0.0,-0.9121755257903554
-3.8775510204081627,-2.6530612244897958,0.0,-0.7215066950143921
-3.4693877551020407,-2.6530612244897958,0.0,-0.3735340074629012
-3.0612244897959187,-2.6530612244897958,0.0,-0.15408419700457548
-2.6530612244897958,-2.6530612244897958,0.0,-0.27630712866822643
-2.244897959183673,-2.6530612244897958,0.0,-0.6279930589503887
-1.8367346938775508,-2.6530612244897958,0.0,-0.9243593501862949
-1.4285714285714288,-2.6530612244897958,0.0,-0.9182446207218677
-1.020408163265305,-2.6530612244897958,0.0,-0.519563819893078
-0.612244897959183,-2.6530612244897958,0.0,0.15989020943002724
-0.204081632653061,-2.6530612244897958,0.0,0.860812757770179
0.204081632653061,-2.6530612244897958,0.0,1.3000684072572857
0.612244897959183,-2.6530612244897958,0.0,1.301307531734552
1.0204081632653068,-2.6530612244897958,0.0,0.8705567389465898
1.4285714285714288,-2.6530612244897958,0.0,0.18487618180714577
1.8367346938775508,-2.6530612244897958,0.0,-0.49455122859229245
2.2448979591836746,-2.6530612244897958,0.0,-0.938540839584187
2.6530612244897966,-2.6530612244897958,0.0,-1.0374890343494316
3.0612244897959187,-2.6530612244897958,0.0,-0.8144172157005483
3.4693877551020407,-2.6530612244897958,0.0,-0.4095263071688482
3.8775510204081627,-2.6530612244897958,0.0,-0.05347441503882583
4.2857142857142865,-2.6530612244897958,0.0,0.11423116714646325
4.6938775510204085,-2.6530612244897958,0.0,0.09265235018290582
5.1020408163265305,-2.6530612244897958,0.0,-0.011931194565548253
5.510204081632654,-2.6530612244897958,0.0,-0.061344905028821284
5.918367346938776,-2.6530612244897958,0.0,0.03133390738666142
6.326530612244898,-2.6530612244897958,0.0,0.2527250772533961
6.73469387755102,-2.6530612244897958,0.0,0.49713703771167517
7.142857142857142,-2.6530612244897958,0.0,0.6248582234496309
7.551020408163264,-2.6530612244897958,0.0,0.5390772311334856
7.95918367346939,-2.6530612244897958,0.0,0.24155330175178963
8.367346938775512,-2.6530612244897958,0.0,-0.16111487608757374
8.775510204081634,-2.6530612244897958,0.0,-0.5036917474044931
9.183673469387756,-2.6530612244897958,0.0,-0.6383049074841635
9.591836734693878,-2.6530612244897958,0.0,-0.5035775077314975
10.0,-2.6530612244897958,0.0,-0.15420592298443936
-10.0,-2.244897959183673,0.0,1.2399222137112957
-9.591836734693878,-2.244897959183673,0.0,1.1882709118414527
-9.183673469387756,-2.244897959183673,0.0,0.6976422576489343
-8.775510204081632,-2.244897959183673,0.0,-0.006338594381453474
-8.36734693877551,-2.244897959183673,0.0,-0.6080423806437978
-7.959183673469388,-2.244897959183673,0.0,-0.8472800554786292
-7.551020408163265,-2.244897959183673,0.0,-0.6395070291134758
-7.142857142857142,-2.244897959183673,0.0,-0.11326618894408719
-6.73469387755102,-2.244897959183673,0.0,0.45354804141416477
-6.326530612244898,-2.244897959183673,0.0,0.7682489618307938
-5.918367346938775,-2.244897959183673,0.0,0.6636375386704132
-5.5102040816326525,-2.244897959183673,0.0,0.17554432607255002
-5.1020408163265305,-2.244897959183673,0.0,-0.48047993117217136
-4.6938775510204085,-2.244897959183673,0.0,-1.0216733714309112
-4.285714285714286,-2.244897959183673,0.0,-1.2432086443698376
-3.8775510204081627,-2.244897959183673,0.0,-1.12187609224441
-3.4693877551020407,-2.244897959183673,0.0,-0.8233127466742334
-3.0612244897959187,-2.244897959183673,0.0,-0.6021298577511275
-2.6530612244897958,-2.244897959183673,0.0,-0.6279930589503887
-2.244897959183673,-2.244897959183673,0.0,-0.8507140329207932
-1.8367346938775508,-2.244897959183673,0.0,-1.0569529941489098
-1.4285714285714288,-2.244897959183673,0.0,-1.0321242448238523
-1.020408163265305,-2.244897959183673,0.0,-0.6896881164322005
-0.612244897959183,-2.244897959183673,0.0,-0.11903146700996547
-0.204081632653061,-2.244897959183673,0.0,0.46004784832954493
0.204081632653061,-2.244897959183673,0.0,0.8075011440500357
0.612244897959183,-2.244897959183673,0.0,0.7799624756821586
1.0204081632653068,-2.244897959183673,0.0,0.3968971994813389
1.4285714285714288,-2.244897959183673,0.0,-0.17329790935694034
1.8367346938775508,-2.244897959183673,0.0,-0.6957463481656077
2.2448979591836746,-2.244897959183673,0.0,-0.9760029808974577
2.6530612244897966,-2.244897959183673,0.0,-0.9385408395841857
3.0612244897959187,-2.244897959183673,0.0,-0.6450755180142007
3.4693877551020407,-2.244897959183673,0.0,-0.26241248211562995
3.8775510204081627,-2.244897959183673,0.0,0.015619888863788622
4.2857142857142865,-2.244897959183673,0.0,0.07684613095072396
4.6938775510204085,-2.244897959183673,0.0,-0.05769690995803989
5.1020408163265305,-2.244897959183673,0.0,-0.26144809495791377
5.510204081632654,-2.244897959183673,0.0,-0.37956922466310417
5.918367346938776,-2.244897959183673,0.0,-0.31324114975612044
6.326530612244898,-2.244897959183673,0.0,-0.06962464990969902
6.73469387755102,-2.244897959183673,0.0,0.244716773458598
7.142857142857142,-2.244897959183673,0.0,0.48048588298379463
7.551020408163264,-2.244897959183673,0.0,0.5220726012085815
7.95918367346939,-2.244897959183673,0.0,0.3454185872588039
8.367346938775512,-2.244897959183673,0.0,0.029849725091936508
8.775510204081634,-2.244897959183673,0.0,-0.2802233968188852
9.183673469387756,-2.244897959183673,0.0,-0.443752068745338
9.591836734693878,-2.244897959183673,0.0,-0.38830541462552487
10.0,-2.244897959183673,0.0,-0.14183626024972332
-10.0,-1.8367346938775508,0.0,1.3129975127250093
-9.591836734693878,-1.8367346938775508,0.0,1.2218155235432484
-9.183673469387756,-1.8367346938775508,0.0,0.6929141364570328
-8.775510204081632,-1.8367346938775508,0.0,-0.043581899658441135
-8.36734693877551,-1.8367346938775508,0.0,-0.6730180386138882
-7.959183673469388,-1.8367346938775508,0.0,-0.9383044816701045
-7.551020408163265,-1.8367346938775508,0.0,-0.7555876067187737
-7.142857142857142,-1.8367346938775508,0.0,-0.24905675117504333
-6.73469387755102,-1.8367346938775508,0.0,0.31143085755023886
-6.326530612244898,-1.8367346938775508,0.0,0.6397666188256286
-5.918367346938775,-1.8367346938775508,0.0,0.5676183527093386
-5.5102040816326525,-1.8367346938775508,0.0,0.11850225403396558
-5.1020408163265305,-1.8367346938775508,0.0,-0.5131774649459475
-4.6938775510204085,-1.8367346938775508,0.0,-1.0661490245246845
-4.285714285714286,-1.8367346938775508,0.0,-1.3457774337400377
-3.8775510204081627,-1.8367346938775508,0.0,-1.3180341940522053
-3.4693877551020407,-1.8367346938775508,0.0,-1.1136287916167833
-3.0612244897959187,-1.8367346938775508,0.0,-0.9364279036703173
-2.6530612244897958,-1.8367346938775508,0.0,-0.9243593501862949
-2.244897959183673,-1.8367346938775508,0.0,-1.0569529941489098
-1.8367346938775508,-1.8367346938775508,0.0,-1.1829137206706322
-1.4285714285714288,-1.8367346938775508,0.0,-1.1348002469209033
-1.020408163265305,-1.8367346938775508,0.0,-0.8410774088676523
-0.612244897959183,-1.8367346938775508,0.0,-0.37262720302333435
-0.204081632653061,-1.8367346938775508,0.0,0.0934310755421438
0.204081632653061,-1.8367346938775508,0.0,0.3671632597735008
0.612244897959183,-1.8367346938775508,0.0,0.34450476382220097
1.0204081632653068,-1.8367346938775508,0.0,0.05997970675747244
1.4285714285714288,-1.8367346938775508,0.0,-0.3315690957474229
1.8367346938775508,-1.8367346938775508,0.0,-0.6321403904709655
2.2448979591836746,-1.8367346938775508,0.0,-0.6957463481656073
2.6530612244897966,-1.8367346938775508,0.0,-0.4945512285922925
3.0612244897959187,-1.8367346938775508,0.0,-0.12752642019110727
3.4693877551020407,-1.8367346938775508,0.0,0.22776831537964498
3.8775510204081627,-1.8367346938775508,0.0,0.4006512118027547
4.2857142857142865,-1.8367346938775508,0.0,0.3125316291737532
4.6938775510204085,-1.8367346938775508,0.0,0.013668614254989553
5.1020408163265305,-1.8367346938775508,0.0,-0.34707742902172045
5.510204081632654,-1.8367346938775508,0.0,-0.5985861929166878
5.918367346938776,-1.8367346938775508,0.0,-0.6292088035747128
6.326530612244898,-1.8367346938775508,0.0,-0.4348023084588616
6.73469387755102,-1.8367346938775508,0.0,-0.1130384686770296
7.142857142857142,-1.8367346938775508,0.0,0.18930504170504947
7.551020408163264,-1.8367346938775508,0.0,0.3478468082114014
7.95918367346939,-1.8367346938775508,0.0,0.31604321537897373
8.367346938775512,-1.8367346938775508,0.0,0.13993591101462738
8.775510204081634,-1.8367346938775508,0.0,-0.07147323859075203
9.183673469387756,-1.8367346938775508,0.0,-0.20289248611692212
9.591836734693878,-1.8367346938775508,0.0,-0.18791724659794395
10.0,-1.8367346938775508,0.0,-0.03718859997298235
-10.0,-1.4285714285714288,0.0,1.332673482280891
-9.591836734693878,-1.4285714285714288,0.0,1.2191851963994387
-9.183673469387756,-1.4285714285714288,0.0,0.680499689152158
-8.775510204081632,-1.4285714285714288,0.0,-0.06199905311431496
-8.36734693877551,-1.4285714285714288,0.0,-0.7077365205750734
-7.959183673469388,-1.4285714285714288,0.0,-1.0094578967144123
-7.551020408163265,-1.4285714285714288,0.0,-0.8804006971543968
-7.142857142857142,-1.4285714285714288,0.0,-0.4267393067477402
-6.73469387755102,-1.4285714285714288,0.0,0.1086947397182452
-6.326530612244898,-1.4285714285714288,0.0,0.46323552108833
-5.918367346938775,-1.4285714285714288,0.0,0.4750415080641415
-5.5102040816326525,-1.4285714285714288,0.0,0.14999156870620217
-5.1020408163265305,-1.4285714285714288,0.0,-0.355480520698953
-4.6938775510204085,-1.4285714285714288,0.0,-0.8237616976026696
-4.285714285714286,-1.4285714285714288,0.0,-1.0896540047214018
-3.8775510204081627,-1.4285714285714288,0.0,-1.118246300639385
-3.4693877551020407,-1.4285714285714288,0.0,-1.0059329488525626
-3.0612244897959187,-1.4285714285714288,0.0,-0.9050526610650547
-2.6530612244897958,-1.4285714285714288,0.0,-0.9182446207218677
-2.244897959183673,-1.4285714285714288,0.0,-1.0321242448238523
-1.8367346938775508,-1.4285714285714288,0.0,-1.134800246920903
-1.4285714285714288,-1.4285714285714288,0.0,-1.0991124356642226
-1.020408163265305,-1.4285714285714288,0.0,-0.8707217111169642
-0.612244897959183,-1.4285714285714288,0.0,-0.5064914007745042
-0.204081632653061,-1.4285714285714288,0.0,-0.1446103588901154
0.204081632653061,-1.4285714285714288,0.0,0.07259640660553379
0.612244897959183,-1.4285714285714288,0.0,0.07814893672314666
1.0204081632653068,-1.4285714285714288,0.0,-0.08156588812578591
1.4285714285714288,-1.4285714285714288,0.0,-0.2699875590780849
1.8367346938775508,-1.4285714285714288,0.0,-0.3315690957474229
2.2448979591836746,-1.4285714285714288,0.0,-0.17329790935693928
2.6530612244897966,-1.4285714285714288,0.0,0.1848761818071465
3.0612244897959187,-1.4285714285714288,0.0,0.6147987913876127
3.4693877551020407,-1.4285714285714288,0.0,0.9369691792288253
3.8775510204081627,-1.4285714285714288,0.0,1.0032187533306627
4.2857142857142865,-1.4285714285714288,0.0,0.7664124020386583
4.6938775510204085,-1.4285714285714288,0.0,0.302716999051251
5.1020408163265305,-1.4285714285714288,0.0,-0.22365821135504438
5.510204081632654,-1.4285714285714288,0.0,-0.6336281355637238
5.918367346938776,-1.4285714285714288,0.0,-0.8078558681983703
6.326530612244898,-1.4285714285714288,0.0,-0.728954063454692
6.73469387755102,-1.4285714285714288,0.0,-0.4754990667617166
7.142857142857142,-1.4285714285714288,0.0,-0.1756796755258828
7.551020408163264,-1.4285714285714288,0.0,0.05402266711766729
7.95918367346939,-1.4285714285714288,0.0,0.15574437426031235
8.367346938775512,-1.4285714285714288,0.0,0.14344675727433498
8.775510204081634,-1.4285714285714288,0.0,0.08106738623025489
9.183673469387756,-1.4285714285714288,0.0,0.04076987458333012
9.591836734693878,-1.4285714285714288,0.0,0.06387270053958526
10.0,-1.4285714285714288,0.0,0.14288193241166708
-10.0,-1.020408163265305,0.0,1.2949549788688683
-9.591836734693878,-1.020408163265305,0.0,1.178634243721867
-9.183673469387756,-1.020408163265305,0.0,0.6630142511114288
-8.775510204081632,-1.020408163265305,0.0,-0.05228653616887574
-8.36734693877551,-1.020408163265305,0.0,-0.6947844950385252
-7.959183673469388,-1.020408163265305,0.0,-1.0360138860130437
-7.551020408163265,-1.020408163265305,0.0,-0.9858042536530746
-7.142857142857142,-1.020408163265305,0.0,-0.6215736798984595
-6.73469387755102,-1.020408163265305,0.0,-0.1414820233388765
-6.326530612244898,-1.020408163265305,0.0,0.23353318753147814
-5.918367346938775,-1.020408163265305,0.0,0.3603039409674117
-5.5102040816326525,-1.020408163265305,0.0,0.2286011445999831
-5.1020408163265305,-1.020408163265305,0.0,-0.05285913269061182
-4.6938775510204085,-1.020408163265305,0.0,-0.32781716622767726
-4.285714285714286,-1.020408163265305,0.0,-0.4806142802393858
-3.8775510204081627,-1.020408163265305,0.0,-0.49297096703318516
-3.4693877551020407,-1.020408163265305,0.0,-0.4395364485651019
-3.0612244897959187,-1.020408163265305,0.0,-0.427540883035562
-2.6530612244897958,-1.020408163265305,0.0,-0.5195638198930781
-2.244897959183673,-1.020408163265305,0.0,-0.6896881164322005
-1.8367346938775508,-1.020408163265305,0.0,-0.8410774088676523
-1.4285714285714288,-1.020408163265305,0.0,-0.8707217111169643
-1.020408163265305,-1.020408163265305,0.0,-0.7368089837491734
-0.612244897959183,-1.020408163265305,0.0,-0.4860465757700508
-0.204081632653061,-1.020408163265305,0.0,-0.22592184897524709
0.204081632653061,-1.020408163265305,0.0,-0.060272967652559795
0.612244897959183,-1.020408163265305,0.0,-0.026773301340856648
1.0204081632653068,-1.020408163265305,0.0,-0.07249572583551911
1.4285714285714288,-1.020408163265305,0.0,-0.08156588812578369
1.8367346938775508,-1.020408163265305,0.0,0.05997970675747416
2.2448979591836746,-1.020408163265305,0.0,0.3968971994813436
2.6530612244897966,-1.020408163265305,0.0,0.8705567389465942
3.0612244897959187,-1.020408163265305,0.0,1.3358218552815182
3.4693877551020407,-1.020408163265305,0.0,1.6212011203555639
3.8775510204081627,-1.020408163265305,0.0,1.6037383002269212
4.2857142857142865,-1.020408163265305,0.0,1.263385673504446
4.6938775510204085,-1.020408163265305,0.0,0.6918359795675226
5.1020408163265305,-1.020408163265305,0.0,0.05342317244675693
5.510204081632654,-1.020408163265305,0.0,-0.48133263280632466
5.918367346938776,-1.020408163265305,0.0,-0.7978967372644722
6.326530612244898,-1.020408163265305,0.0,-0.8692420367988846
6.73469387755102,-1.020408163265305,0.0,-0.74747949024502
7.142857142857142,-1.020408163265305,0.0,-0.525680864903816
7.551020408163264,-1.020408163265305,0.0,-0.29200879675129154
7.95918367346939,-1.020408163265305,0.0,-0.09816272491357397
8.367346938775512,-1.020408163265305,0.0,0.04647054549176799
8.775510204081634,-1.020408163265305,0.0,0.15812578331048213
9.183673469387756,-1.020408163265305,0.0,0.25333703198263297
9.591836734693878,-1.020408163265305,0.0,0.33092014320422536
10.0,-1.020408163265305,0.0,0.3705975734740723
-10.0,-0.612244897959183,0.0,1.1988579323813173
-9.591836734693878,-0.612244897959183,0.0,1.0973912443743141
-9.183673469387756,-0.612244897959183,0.0,0.6381359402786391
-8.775510204081632,-0.612244897959183,0.0,-0.012099711653208306
-8.36734693877551,-0.612244897959183,0.0,-0.6225304600370591
-7.959183673469388,-0.612244897959183,0.0,-0.9944567956018154
-7.551020408163265,-0.612244897959183,0.0,-1.0381846948933333
-7.142857142857142,-0.612244897959183,0.0,-0.7972222603926634
-6.73469387755102,-0.612244897959183,0.0,-0.41224481421628534
-6.326530612244898,-0.612244897959183,0.0,-0.04619081511947751
-5.918367346938775,-0.612244897959183,0.0,0.19073518597801079
-5.5102040816326525,-0.612244897959183,0.0,0.27981908978483405
-5.1020408163265305,-0.612244897959183,0.0,0.28064440988398465
-4.6938775510204085,-0.612244897959183,0.0,0.2781380326456774
-4.285714285714286,-0.612244897959183,0.0,0.3225920093780909
-3.8775510204081627,-0.612244897959183,0.0,0.3977451304929899
-3.4693877551020407,-0.612244897959183,0.0,0.4347552884183281
-3.0612244897959187,-0.612244897959183,0.0,0.36221178398516374
-2.6530612244897958,-0.612244897959183,0.0,0.15989020943002727
-2.244897959183673,-0.612244897959183,0.0,-0.11903146700996547
-1.8367346938775508,-0.612244897959183,0.0,-0.37262720302333435
-1.4285714285714288,-0.612244897959183,0.0,-0.5064914007745042
-1.020408163265305,-0.612244897959183,0.0,-0.4860465757700508
-0.612244897959183,-0.612244897959183,0.0,-0.3525451876118323
-0.204081632653061,-0.612244897959183,0.0,-0.1936035028002158
0.204081632653061,-0.612244897959183,0.0,-0.0866768985239012
0.612244897959183,-0.612244897959183,0.0,-0.049476429534289657
1.0204081632653068,-0.612244897959183,0.0,-0.02677330134085648
1.4285714285714288,-0.612244897959183,0.0,0.07814893672314666
1.8367346938775508,-0.612244897959183,0.0,0.34450476382220097
2.2448979591836746,-0.612244897959183,0.0,0.779962475682161
2.6530612244897966,-0.612244897959183,0.0,1.3013075317345524
3.0612244897959187,-0.612244897959183,0.0,1.760933901791331
3.4693877551020407,-0.612244897959183,0.0,2.0064150951076902
3.8775510204081627,-0.612244897959183,0.0,1.9440618090067312
4.2857142857142865,-0.612244897959183,0.0,1.5764535062358056
4.6938775510204085,-0.612244897959183,0.0,0.9980390681089641
5.1020408163265305,-0.612244897959183,0.0,0.35404538232894345
5.510204081632654,-0.612244897959183,0.0,-0.2152283304767323
5.918367346938776,-0.612244897959183,0.0,-0.6184581243969026
6.326530612244898,-0.612244897959183,0.0,-0.8286936781006189
6.73469387755102,-0.612244897959183,0.0,-0.8695327191816089
7.142857142857142,-0.612244897959183,0.0,-0.7857681840004089
7.551020408163264,-0.612244897959183,0.0,-0.6172662142418955
7.95918367346939,-0.612244897959183,0.0,-0.3892214426555154
8.367346938775512,-0.612244897959183,0.0,-0.11996254257449526
8.775510204081634,-0.612244897959183,0.0,0.1635806867240492
9.183673469387756,-0.612244897959183,0.0,0.4166681573775379
9.591836734693878,-0.612244897959183,0.0,0.5829506444156968
10.0,-0.612244897959183,0.0,0.614924077483606
-10.0,-0.204081632653061,0.0,1.0471537875859955
-9.591836734693878,-0.204081632653061,0.0,0.9719419810824055
-9.183673469387756,-0.204081632653061,0.0,0.5976034518438231
-8.775510204081632,-0.204081632653061,0.0,0.05092863913274441
-8.36734693877551,-0.204081632653061,0.0,-0.4903757750337741
-7.959183673469388,-0.204081632653061,0.0,-0.8692742919222464
-7.551020408163265,-0.204081632653061,0.0,-1.0049957586289602
-7.142857142857142,-0.204081632653061,0.0,-0.909262057577809
-6.73469387755102,-0.204081632653061,0.0,-0.6602789888099796
-6.326530612244898,-0.204081632653061,0.0,-0.35240825707314516
-5.918367346938775,-0.204081632653061,0.0,-0.049957201441511834
-5.5102040816326525,-0.204081632653061,0.0,0.2313098831543094
-5.1020408163265305,-0.204081632653061,0.0,0.5084919061156092
-4.6938775510204085,-0.204081632653061,0.0,0.7952019807572044
-4.285714285714286,-0.204081632653061,0.0,1.0697639971033794
-3.8775510204081627,-0.204081632653061,0.0,1.2700452748997688
-3.4693877551020407,-0.204081632653061,0.0,1.3205760195693335
-3.0612244897959187,-0.204081632653061,0.0,1.1770465297260093
-2.6530612244897958,-0.204081632653061,0.0,0.860812757770179
-2.244897959183673,-0.204081632653061,0.0,0.46004784832954493
-1.8367346938775508,-0.204081632653061,0.0,0.0934310755421438
-1.4285714285714288,-0.204081632653061,0.0,-0.14461035889011542
-1.020408163265305,-0.204081632653061,0.0,-0.22592184897524709
-0.612244897959183,-0.204081632653061,0.0,-0.1936035028002158
-0.204081632653061,-0.204081632653061,0.0,-0.1273866247277497
0.204081632653061,-0.204081632653061,0.0,-0.09007692648778626
0.612244897959183,-0.204081632653061,0.0,-0.0866768985239012
1.0204081632653068,-0.204081632653061,0.0,-0.060272967652560516
1.4285714285714288,-0.204081632653061,0.0,0.07259640660553379
1.8367346938775508,-0.204081632653061,0.0,0.3671632597735008
2.2448979591836746,-0.204081632653061,0.0,0.8075011440500369
2.6530612244897966,-0.204081632653061,0.0,1.3000684072572861
3.0612244897959187,-0.204081632653061,0.0,1.7079546604312525
3.4693877551020407,-0.204081632653061,0.0,1.9077962235670856
3.8775510204081627,-0.204081632653061,0.0,1.8398379043666666
4.2857142857142865,-0.204081632653061,0.0,1.5268632644859421
4.6938775510204085,-0.204081632653061,0.0,1.0557408192552578
5.1020408163265305,-0.204081632653061,0.0,0.5351779535297161
5.510204081632654,-0.204081632653061,0.0,0.053836776008366644
5.918367346938776,-0.204081632653061,0.0,-0.34065478870353116
6.326530612244898,-0.204081632653061,0.0,-0.6356486403464813
6.73469387755102,-0.204081632653061,0.0,-0.8303807647152579
7.142857142857142,-0.204081632653061,0.0,-0.9145948190498516
7.551020408163264,-0.204081632653061,0.0,-0.8646434831291747
7.95918367346939,-0.204081632653061,0.0,-0.6604814444704279
8.367346938775512,-0.204081632653061,0.0,-0.3127779779396125
8.775510204081634,-0.204081632653061,0.0,0.11836961172270102
9.183673469387756,-0.204081632653061,0.0,0.5284250852090941
9.591836734693878,-0.204081632653061,0.0,0.7998548788926945
10.0,-0.204081632653061,0.0,0.847700674077422
-10.0,0.204081632653061,0.0,0.847700674077422
-9.591836734693878,0.204081632653061,0.0,0.7998548788926945
-9.183673469387756,0.204081632653061,0.0,0.5284250852090941
-8.775510204081632,0.204081632653061,0.0,0.11836961172270011
-8.36734693877551,0.204081632653061,0.0,-0.3127779779396124
-7.959183673469388,0.204081632653061,0.0,-0.6604814444704288
-7.551020408163265,0.204081632653061,0.0,-0.864643483129174
-7.142857142857142,0.204081632653061,0.0,-0.9145948190498516
-6.73469387755102,0.204081632653061,0.0,-0.8303807647152579
-6.326530612244898,0.204081632653061,0.0,-0.6356486403464814
-5.918367346938775,0.204081632653061,0.0,-0.3406547887035296
-5.5102040816326525,0.204081632653061,0.0,0.053836776008369475
-5.1020408163265305,0.204081632653061,0.0,0.5351779535297161
-4.6938775510204085,0.204081632653061,0.0,1.0557408192552578
-4.285714285714286,0.204081632653061,0.0,1.5268632644859434
-3.8775510204081627,0.204081632653061,0.0,1.8398379043666666
-3.4693877551020407,0.204081632653061,0.0,1.9077962235670856
-3.0612244897959187,0.204081632653061,0.0,1.7079546604312525
-2.6530612244897958,0.204081632653061,0.0,1.300068407257286
-2.244897959183673,0.204081632653061,0.0,0.8075011440500357
-1.8367346938775508,0.204081632653061,0.0,0.3671632597735007
-1.4285714285714288,0.204081632653061,0.0,0.07259640660553379
-1.020408163265305,0.204081632653061,0.0,-0.060272967652559795
-0.612244897959183,0.204081632653061,0.0,-0.0866768985239012
-0.204081632653061,0.204081632653061,0.0,-0.09007692648778626
0.204081632653061,0.204081632653061,0.0,-0.1273866247277497
0.612244897959183,0.204081632653061,0.0,-0.1936035028002158
1.0204081632653068,0.204081632653061,0.0,-0.22592184897524742
1.4285714285714288,0.204081632653061,0.0,-0.1446103588901154
1.8367346938775508,0.204081632653061,0.0,0.0934310755421438
2.2448979591836746,0.204081632653061,0.0,0.4600478483295473
2.6530612244897966,0.204081632653061,0.0,0.8608127577701797
3.0612244897959187,0.204081632653061,0.0,1.1770465297260093
3.4693877551020407,0.204081632653061,0.0,1.3205760195693337
3.8775510204081627,0.204081632653061,0.0,1.2700452748997688
4.2857142857142865,0.204081632653061,0.0,1.069763997103379
4.6938775510204085,0.204081632653061,0.0,0.7952019807572044
5.1020408163265305,0.204081632653061,0.0,0.5084919061156091
5.510204081632654,0.204081632653061,0.0,0.231309883154308
5.918367346938776,0.204081632653061,0.0,-0.04995720144151322
6.326530612244898,0.204081632653061,0.0,-0.35240825707314516
6.73469387755102,0.204081632653061,0.0,-0.6602789888099796
7.142857142857142,0.204081632653061,0.0,-0.909262057577809
7.551020408163264,0.204081632653061,0.0,-1.0049957586289604
7.95918367346939,0.204081632653061,0.0,-0.8692742919222447
8.367346938775512,0.204081632653061,0.0,-0.4903757750337717
8.775510204081634,0.204081632653061,0.0,0.05092863913274646
9.183673469387756,0.204081632653061,0.0,0.5976034518438231
9.591836734693878,0.204081632653061,0.0,0.9719419810824056
10.0,0.204081632653061,0.0,1.0471537875859955
-10.0,0.612244897959183,0.0,0.6149240774836061
-9.591836734693878,0.612244897959183,0.0,0.5829506444156968
-9.183673469387756,0.612244897959183,0.0,0.4166681573775379
-8.775510204081632,0.612244897959183,0.0,0.16358068672404816
-8.36734693877551,0.612244897959183,0.0,-0.11996254257449607
-7.959183673469388,0.612244897959183,0.0,-0.3892214426555163
-7.551020408163265,0.612244897959183,0.0,-0.6172662142418956
-7.142857142857142,0.612244897959183,0.0,-0.7857681840004089
-6.73469387755102,0.612244897959183,0.0,-0.8695327191816089
-6.326530612244898,0.612244897959183,0.0,-0.8286936781006189
-5.918367346938775,0.612244897959183,0.0,-0.6184581243969018
-5.5102040816326525,0.612244897959183,0.0,-0.21522833047672943
-5.1020408163265305,0.612244897959183,0.0,0.35404538232894345
-4.6938775510204085,0.612244897959183,0.0,0.9980390681089641
-4.285714285714286,0.612244897959183,0.0,1.5764535062358065
-3.8775510204081627,0.612244897959183,0.0,1.9440618090067312
-3.4693877551020407,0.612244897959183,0.0,2.0064150951076902
-3.0612244897959187,0.612244897959183,0.0,1.760933901791331
-2.6530612244897958,0.612244897959183,0.0,1.3013075317345517
-2.244897959183673,0.612244897959183,0.0,0.7799624756821586
-1.8367346938775508,0.612244897959183,0.0,0.34450476382220097
-1.4285714285714288,0.612244897959183,0.0,0.07814893672314666
-1.020408163265305,0.612244897959183,0.0,-0.026773301340856648
-0.612244897959183,0.612244897959183,0.0,-0.049476429534289657
-0.204081632653061,0.612244897959183,0.0,-0.0866768985239012
0.204081632653061,0.612244897959183,0.0,-0.1936035028002158
0.612244897959183,0.612244897959183,0.0,-0.3525451876118323
1.0204081632653068,0.612244897959183,0.0,-0.48604657577005095
1.4285714285714288,0.612244897959183,0.0,-0.5064914007745042
1.8367346938775508,0.612244897959183,0.0,-0.37262720302333435
2.2448979591836746,0.612244897959183,0.0,-0.11903146700996486
2.6530612244897966,0.612244897959183,0.0,0.1598902094300269
3.0612244897959187,0.612244897959183,0.0,0.36221178398516374
3.4693877551020407,0.612244897959183,0.0,0.43475528841832806
3.8775510204081627,0.612244897959183,0.0,0.3977451304929899
4.2857142857142865,0.612244897959183,0.0,0.3225920093780912
4.6938775510204085,0.612244897959183,0.0,0.2781380326456773
5.1020408163265305,0.612244897959183,0.0,0.28064440988398465
5.510204081632654,0.612244897959183,0.0,0.2798190897848341
5.918367346938776,0.612244897959183,0.0,0.19073518597801015
6.326530612244898,0.612244897959183,0.0,-0.04619081511947748
6.73469387755102,0.612244897959183,0.0,-0.41224481421628534
7.142857142857142,0.612244897959183,0.0,-0.7972222603926634
7.551020408163264,0.612244897959183,0.0,-1.0381846948933333
7.95918367346939,0.612244897959183,0.0,-0.9944567956018132
8.367346938775512,0.612244897959183,0.0,-0.6225304600370573
8.775510204081634,0.612244897959183,0.0,-0.01209971165320449
9.183673469387756,0.612244897959183,0.0,0.6381359402786391
9.591836734693878,0.612244897959183,0.0,1.0973912443743141
10.0,0.612244897959183,0.0,1.198857932381317
-10.0,1.0204081632653068,0.0,0.3705975734740702
-9.591836734693878,1.0204081632653068,0.0,0.3309201432042234
-9.183673469387756,1.0204081632653068,0.0,0.2533370319826318
-8.775510204081632,1.0204081632653068,0.0,0.15812578331048252
-8.36734693877551,1.0204081632653068,0.0,0.04647054549176928
-7.959183673469388,1.0204081632653068,0.0,-0.09816272491357422
-7.551020408163265,1.0204081632653068,0.0,-0.29200879675128877
-7.142857142857142,1.0204081632653068,0.0,-0.5256808649038138
-6.73469387755102,1.0204081632653068,0.0,-0.7474794902450188
-6.326530612244898,1.0204081632653068,0.0,-0.8692420367988841
-5.918367346938775,1.0204081632653068,0.0,-0.7978967372644717
-5.5102040816326525,1.0204081632653068,0.0,-0.4813326328063243
-5.1020408163265305,1.0204081632653068,0.0,0.053423172446755145
-4.6938775510204085,1.0204081632653068,0.0,0.691835979567522
-4.285714285714286,1.0204081632653068,0.0,1.2633856735044433
-3.8775510204081627,1.0204081632653068,0.0,1.6037383002269185
-3.4693877551020407,1.0204081632653068,0.0,1.6212011203555612
-3.0612244897959187,1.0204081632653068,0.0,1.3358218552815138
-2.6530612244897958,1.0204081632653068,0.0,0.8705567389465897
-2.244897959183673,1.0204081632653068,0.0,0.3968971994813389
-1.8367346938775508,1.0204081632653068,0.0,0.059979706757472426
-1.4285714285714288,1.0204081632653068,0.0,-0.08156588812578591
-1.020408163265305,1.0204081632653068,0.0,-0.07249572583551916
-0.612244897959183,1.0204081632653068,0.0,-0.02677330134085648
-0.204081632653061,1.0204081632653068,0.0,-0.060272967652560516
0.204081632653061,1.0204081632653068,0.0,-0.22592184897524742
0.612244897959183,1.0204081632653068,0.0,-0.48604657577005095
1.0204081632653068,1.0204081632653068,0.0,-0.7368089837491751
1.4285714285714288,1.0204081632653068,0.0,-0.8707217111169645
1.8367346938775508,1.0204081632653068,0.0,-0.8410774088676539
2.2448979591836746,1.0204081632653068,0.0,-0.6896881164322028
2.6530612244897966,1.0204081632653068,0.0,-0.5195638198930812
3.0612244897959187,1.0204081632653068,0.0,-0.4275408830355653
3.4693877551020407,1.0204081632653068,0.0,-0.43953644856510543
3.8775510204081627,1.0204081632653068,0.0,-0.49297096703318855
4.2857142857142865,1.0204081632653068,0.0,-0.48061428023938857
4.6938775510204085,1.0204081632653068,0.0,-0.32781716622767954
5.1020408163265305,1.0204081632653068,0.0,-0.0528591326906141
5.510204081632654,1.0204081632653068,0.0,0.22860114459998343
5.918367346938776,1.0204081632653068,0.0,0.3603039409674126
6.326530612244898,1.0204081632653068,0.0,0.2335331875314785
6.73469387755102,1.0204081632653068,0.0,-0.14148202333887522
7.142857142857142,1.0204081632653068,0.0,-0.6215736798984588
7.551020408163264,1.0204081632653068,0.0,-0.9858042536530752
7.95918367346939,1.0204081632653068,0.0,-1.036013886013043
8.367346938775512,1.0204081632653068,0.0,-0.6947844950385221
8.775510204081634,1.0204081632653068,0.0,-0.05228653616887269
9.183673469387756,1.0204081632653068,0.0,0.6630142511114276
9.591836734693878,1.0204081632653068,0.0,1.1786342437218682
10.0,1.0204081632653068,0.0,1.2949549788688688
-10.0,1.4285714285714288,0.0,0.14288193241166708
-9.591836734693878,1.4285714285714288,0.0,0.06387270053958527
-9.183673469387756,1.4285714285714288,0.0,0.04076987458333012
-8.775510204081632,1.4285714285714288,0.0,0.08106738623025528
-8.36734693877551,1.4285714285714288,0.0,0.1434467572743346
-7.959183673469388,1.4285714285714288,0.0,0.15574437426031182
-7.551020408163265,1.4285714285714288,0.0,0.05402266711766786
-7.142857142857142,1.4285714285714288,0.0,-0.1756796755258828
-6.73469387755102,1.4285714285714288,0.0,-0.47549906676171655
-6.326530612244898,1.4285714285714288,0.0,-0.728954063454692
-5.918367346938775,1.4285714285714288,0.0,-0.80785586819837
-5.5102040816326525,1.4285714285714288,0.0,-0.6336281355637222
-5.1020408163265305,1.4285714285714288,0.0,-0.22365821135504435
-4.6938775510204085,1.4285714285714288,0.0,0.302716999051251
-4.285714285714286,1.4285714285714288,0.0,0.7664124020386588
-3.8775510204081627,1.4285714285714288,0.0,1.0032187533306627
-3.4693877551020407,1.4285714285714288,0.0,0.9369691792288253
-3.0612244897959187,1.4285714285714288,0.0,0.6147987913876127
-2.6530612244897958,1.4285714285714288,0.0,0.18487618180714577
-2.244897959183673,1.4285714285714288,0.0,-0.1732979093569403
-1.8367346938775508,1.4285714285714288,0.0,-0.3315690957474229
-1.4285714285714288,1.4285714285714288,0.0,-0.2699875590780849
-1.020408163265305,1.4285714285714288,0.0,-0.08156588812578364
-0.612244897959183,1.4285714285714288,0.0,0.07814893672314666
-0.204081632653061,1.4285714285714288,0.0,0.07259640660553379
0.204081632653061,1.4285714285714288,0.0,-0.14461035889011542
0.612244897959183,1.4285714285714288,0.0,-0.5064914007745042
1.0204081632653068,1.4285714285714288,0.0,-0.8707217111169645
1.4285714285714288,1.4285714285714288,0.0,-1.0991124356642226
1.8367346938775508,1.4285714285714288,0.0,-1.1348002469209033
2.2448979591836746,1.4285714285714288,0.0,-1.0321242448238521
2.6530612244897966,1.4285714285714288,0.0,-0.9182446207218677
3.0612244897959187,1.4285714285714288,0.0,-0.9050526610650547
3.4693877551020407,1.4285714285714288,0.0,-1.0059329488525626
3.8775510204081627,1.4285714285714288,0.0,-1.118246300639385
4.2857142857142865,1.4285714285714288,0.0,-1.0896540047214014
4.6938775510204085,1.4285714285714288,0.0,-0.8237616976026696
5.1020408163265305,1.4285714285714288,0.0,-0.355480520698953
5.510204081632654,1.4285714285714288,0.0,0.14999156870620461
5.918367346938776,1.4285714285714288,0.0,0.475041508064142
6.326530612244898,1.4285714285714288,0.0,0.46323552108832994
6.73469387755102,1.4285714285714288,0.0,0.10869473971824523
7.142857142857142,1.4285714285714288,0.0,-0.4267393067477402
7.551020408163264,1.4285714285714288,0.0,-0.880400697154397
7.95918367346939,1.4285714285714288,0.0,-1.0094578967144117
8.367346938775512,1.4285714285714288,0.0,-0.7077365205750723
8.775510204081634,1.4285714285714288,0.0,-0.06199905311431181
9.183673469387756,1.4285714285714288,0.0,0.680499689152158
9.591836734693878,1.4285714285714288,0.0,1.2191851963994387
10.0,1.4285714285714288,0.0,1.332673482280891
-10.0,1.8367346938775508,0.0,-0.03718859997298235
-9.591836734693878,1.8367346938775508,0.0,-0.18791724659794398
-9.183673469387756,1.8367346938775508,0.0,-0.20289248611692212
-8.775510204081632,1.8367346938775508,0.0,-0.07147323859075161
-8.36734693877551,1.8367346938775508,0.0,0.1399359110146295
-7.959183673469388,1.8367346938775508,0.0,0.31604321537897406
-7.551020408163265,1.8367346938775508,0.0,0.3478468082114016
-7.142857142857142,1.8367346938775508,0.0,0.1893050417050495
-6.73469387755102,1.8367346938775508,0.0,-0.1130384686770296
-6.326530612244898,1.8367346938775508,0.0,-0.4348023084588616
-5.918367346938775,1.8367346938775508,0.0,-0.6292088035747122
-5.5102040816326525,1.8367346938775508,0.0,-0.5985861929166876
-5.1020408163265305,1.8367346938775508,0.0,-0.34707742902172045
-4.6938775510204085,1.8367346938775508,0.0,0.013668614254989577
-4.285714285714286,1.8367346938775508,0.0,0.3125316291737533
-3.8775510204081627,1.8367346938775508,0.0,0.4006512118027547
-3.4693877551020407,1.8367346938775508,0.0,0.22776831537964498
-3.0612244897959187,1.8367346938775508,0.0,-0.12752642019110727
-2.6530612244897958,1.8367346938775508,0.0,-0.49455122859229245
-2.244897959183673,1.8367346938775508,0.0,-0.6957463481656077
-1.8367346938775508,1.8367346938775508,0.0,-0.6321403904709656
-1.4285714285714288,1.8367346938775508,0.0,-0.3315690957474229
-1.020408163265305,1.8367346938775508,0.0,0.05997970675747416
-0.612244897959183,1.8367346938775508,0.0,0.34450476382220097
-0.204081632653061,1.8367346938775508,0.0,0.3671632597735007
0.204081632653061,1.8367346938775508,0.0,0.0934310755421438
0.612244897959183,1.8367346938775508,0.0,-0.37262720302333435
1.0204081632653068,1.8367346938775508,0.0,-0.8410774088676539
1.4285714285714288,1.8367346938775508,0.0,-1.134800246920903
1.8367346938775508,1.8367346938775508,0.0,-1.1829137206706322
2.2448979591836746,1.8367346938775508,0.0,-1.05695299414891
2.6530612244897966,1.8367346938775508,0.0,-0.9243593501862947
3.0612244897959187,1.8367346938775508,0.0,-0.9364279036703171
3.4693877551020407,1.8367346938775508,0.0,-1.113628791616783
3.8775510204081627,1.8367346938775508,0.0,-1.3180341940522053
4.2857142857142865,1.8367346938775508,0.0,-1.3457774337400377
4.6938775510204085,1.8367346938775508,0.0,-1.0661490245246845
5.1020408163265305,1.8367346938775508,0.0,-0.5131774649459475
5.510204081632654,1.8367346938775508,0.0,0.11850225403396764
5.918367346938776,1.8367346938775508,0.0,0.5676183527093395
6.326530612244898,1.8367346938775508,0.0,0.6397666188256286
6.73469387755102,1.8367346938775508,0.0,0.3114308575502389
7.142857142857142,1.8367346938775508,0.0,-0.24905675117504333
7.551020408163264,1.8367346938775508,0.0,-0.7555876067187736
7.95918367346939,1.8367346938775508,0.0,-0.9383044816701045
8.367346938775512,1.8367346938775508,0.0,-0.6730180386138859
8.775510204081634,1.8367346938775508,0.0,-0.04358189965843767
9.183673469387756,1.8367346938775508,0.0,0.6929141364570328
9.591836734693878,1.8367346938775508,0.0,1.2218155235432484
10.0,1.8367346938775508,0.0,1.312997512725009
-10.0,2.2448979591836746,0.0,-0.14183626024972407
-9.591836734693878,2.2448979591836746,0.0,-0.3883054146255256
-9.183673469387756,2.2448979591836746,0.0,-0.44375206874533935
-8.775510204081632,2.2448979591836746,0.0,-0.2802233968188855
-8.36734693877551,2.2448979591836746,0.0,0.029849725091938673
-7.959183673469388,2.2448979591836746,0.0,0.34541858725880525
-7.551020408163265,2.2448979591836746,0.0,0.5220726012085817
-7.142857142857142,2.2448979591836746,0.0,0.4804858829837955
-6.73469387755102,2.2448979591836746,0.0,0.24471677345859957
-6.326530612244898,2.2448979591836746,0.0,-0.0696246499096985
-5.918367346938775,2.2448979591836746,0.0,-0.313241149756118
-5.5102040816326525,2.2448979591836746,0.0,-0.3795692246631039
-5.1020408163265305,2.2448979591836746,0.0,-0.2614480949579131
-4.6938775510204085,2.2448979591836746,0.0,-0.05769690995803993
-4.285714285714286,2.2448979591836746,0.0,0.07684613095072365
-3.8775510204081627,2.2448979591836746,0.0,0.015619888863787762
-3.4693877551020407,2.2448979591836746,0.0,-0.2624124821156313
-3.0612244897959187,2.2448979591836746,0.0,-0.6450755180142022
-2.6530612244897958,2.2448979591836746,0.0,-0.938540839584187
-2.244897959183673,2.2448979591836746,0.0,-0.9760029808974577
-1.8367346938775508,2.2448979591836746,0.0,-0.6957463481656073
-1.4285714285714288,2.2448979591836746,0.0,-0.17329790935693926
-1.020408163265305,2.2448979591836746,0.0,0.3968971994813436
-0.612244897959183,2.2448979591836746,0.0,0.779962475682161
-0.204081632653061,2.2448979591836746,0.0,0.8075011440500368
0.204081632653061,2.2448979591836746,0.0,0.4600478483295473
0.612244897959183,2.2448979591836746,0.0,-0.11903146700996484
1.0204081632653068,2.2448979591836746,0.0,-0.6896881164322028
1.4285714285714288,2.2448979591836746,0.0,-1.032124244823852
1.8367346938775508,2.2448979591836746,0.0,-1.0569529941489098
2.2448979591836746,2.2448979591836746,0.0,-0.8507140329207901
2.6530612244897966,2.2448979591836746,0.0,-0.6279930589503872
3.0612244897959187,2.2448979591836746,0.0,-0.6021298577511262
3.4693877551020407,2.2448979591836746,0.0,-0.823312746674232
3.8775510204081627,2.2448979591836746,0.0,-1.1218760922444084
4.2857142857142865,2.2448979591836746,0.0,-1.2432086443698362
4.6938775510204085,2.2448979591836746,0.0,-1.021673371430911
5.1020408163265305,2.2448979591836746,0.0,-0.48047993117216975
5.510204081632654,2.2448979591836746,0.0,0.17554432607255427
5.918367346938776,2.2448979591836746,0.0,0.6636375386704139
6.326530612244898,2.2448979591836746,0.0,0.7682489618307939
6.73469387755102,2.2448979591836746,0.0,0.45354804141416405
7.142857142857142,2.2448979591836746,0.0,-0.11326618894408848
7.551020408163264,2.2448979591836746,0.0,-0.6395070291134748
7.95918367346939,2.2448979591836746,0.0,-0.8472800554786292
8.367346938775512,2.2448979591836746,0.0,-0.6080423806437945
8.775510204081634,2.2448979591836746,0.0,-0.006338594381449847
9.183673469387756,2.2448979591836746,0.0,0.6976422576489341
9.591836734693878,2.2448979591836746,0.0,1.1882709118414534
10.0,2.2448979591836746,0.0,1.239922213711295
-10.0,2.6530612244897966,0.0,-0.15420592298443936
-9.591836734693878,2.6530612244897966,0.0,-0.5035775077314975
-9.183673469387756,2.6530612244897966,0.0,-0.6383049074841635
-8.775510204081632,2.6530612244897966,0.0,-0.5036917474044929
-8.36734693877551,2.6530612244897966,0.0,-0.16111487608757147
-7.959183673469388,2.6530612244897966,0.0,0.2415533017517905
-7.551020408163265,2.6530612244897966,0.0,0.5390772311334848
-7.142857142857142,2.6530612244897966,0.0,0.6248582234496308
-6.73469387755102,2.6530612244897966,0.0,0.4971370377116755
-6.326530612244898,2.6530612244897966,0.0,0.2527250772533964
-5.918367346938775,2.6530612244897966,0.0,0.03133390738666192
-5.5102040816326525,2.6530612244897966,0.0,-0.061344905028821284
-5.1020408163265305,2.6530612244897966,0.0,-0.011931194565548198
-4.6938775510204085,2.6530612244897966,0.0,0.09265235018290582
-4.285714285714286,2.6530612244897966,0.0,0.1142311671464637
-3.8775510204081627,2.6530612244897966,0.0,-0.05347441503882662
-3.4693877551020407,2.6530612244897966,0.0,-0.40952630716884775
-3.0612244897959187,2.6530612244897966,0.0,-0.8144172157005483
-2.6530612244897958,2.6530612244897966,0.0,-1.0374890343494316
-2.244897959183673,2.6530612244897966,0.0,-0.9385408395841857
-1.8367346938775508,2.6530612244897966,0.0,-0.49455122859229256
-1.4285714285714288,2.6530612244897966,0.0,0.1848761818071465
-1.020408163265305,2.6530612244897966,0.0,0.8705567389465942
-0.612244897959183,2.6530612244897966,0.0,1.3013075317345524
-0.204081632653061,2.6530612244897966,0.0,1.3000684072572861
0.204081632653061,2.6530612244897966,0.0,0.8608127577701798
0.612244897959183,2.6530612244897966,0.0,0.15989020943002694
1.0204081632653068,2.6530612244897966,0.0,-0.5195638198930812
1.4285714285714288,2.6530612244897966,0.0,-0.9182446207218679
1.8367346938775508,2.6530612244897966,0.0,-0.9243593501862946
2.2448979591836746,2.6530612244897966,0.0,-0.6279930589503873
2.6530612244897966,2.6530612244897966,0.0,-0.2763071286682264
3.0612244897959187,2.6530612244897966,0.0,-0.15408419700457543
3.4693877551020407,2.6530612244897966,0.0,-0.3735340074629
3.8775510204081627,2.6530612244897966,0.0,-0.7215066950143909
4.2857142857142865,2.6530612244897966,0.0,-0.9121755257903535
4.6938775510204085,2.6530612244897966,0.0,-0.7631890821980754
5.1020408163265305,2.6530612244897966,0.0,-0.2870625647331743
5.510204081632654,2.6530612244897966,0.0,0.31699967887737385
5.918367346938776,2.6530612244897966,0.0,0.7683715402348554
6.326530612244898,2.6530612244897966,0.0,0.8517297875992549
6.73469387755102,2.6530612244897966,0.0,0.5299736018388038
7.142857142857142,2.6530612244897966,0.0,-0.0332491807650222
7.551020408163264,2.6530612244897966,0.0,-0.5519493454459085
7.95918367346939,2.6530612244897966,0.0,-0.7575918044904089
8.367346938775512,2.6530612244897966,0.0,-0.5311050229607539
8.775510204081634,2.6530612244897966,0.0,0.03736732906288254
9.183673469387756,2.6530612244897966,0.0,0.68951390546008
9.591836734693878,2.6530612244897966,0.0,1.1201888138009588
10.0,2.6530612244897966,0.0,1.1203039246115627
-10.0,3.0612244897959187,0.0,-0.07532693197085542
-9.591836734693878,3.0612244897959187,0.0,-0.5129407444661093
-9.183673469387756,3.0612244897959187,0.0,-0.7451868531636945
-8.775510204081632,3.0612244897959187,0.0,-0.6877757094632351
-8.36734693877551,3.0612244897959187,0.0,-0.3791081831439589
-7.959183673469388,3.0612244897959187,0.0,0.04285774263158809
-7.551020408163265,3.0612244897959187,0.0,0.40813575445288497
-7.142857142857142,3.0612244897959187,0.0,0.5937449164330326
-6.73469387755102,3.0612244897959187,0.0,0.5758348830806506
-6.326530612244898,3.0612244897959187,0.0,0.4298748106049346
-5.918367346938775,3.0612244897959187,0.0,0.27999332456399756
-5.5102040816326525,3.0612244897959187,0.0,0.2246115156171789
-5.1020408163265305,3.0612244897959187,0.0,0.27826786561531736
-4.6938775510204085,3.0612244897959187,0.0,0.3619848453793183
-4.285714285714286,3.0612244897959187,0.0,0.34973104016714107
-3.8775510204081627,3.0612244897959187,0.0,0.14853598576797195
-3.4693877551020407,3.0612244897959187,0.0,-0.23002915437354343
-3.0612244897959187,3.0612244897959187,0.0,-0.6462647139300665
-2.6530612244897958,3.0612244897959187,0.0,-0.8144172157005483
-2.244897959183673,3.0612244897959187,0.0,-0.6450755180142006
-1.8367346938775508,3.0612244897959187,0.0,-0.12752642019110727
-1.4285714285714288,3.0612244897959187,0.0,0.6147987913876127
-1.020408163265305,3.0612244897959187,0.0,1.3358218552815182
-0.612244897959183,3.0612244897959187,0.0,1.760933901791331
-0.204081632653061,3.0612244897959187,0.0,1.7079546604312525
0.204081632653061,3.0612244897959187,0.0,1.1770465297260093
0.612244897959183,3.0612244897959187,0.0,0.36221178398516374
1.0204081632653068,3.0612244897959187,0.0,-0.42754088303556537
1.4285714285714288,3.0612244897959187,0.0,-0.9050526610650547
1.8367346938775508,3.0612244897959187,0.0,-0.9364279036703173
2.2448979591836746,3.0612244897959187,0.0,-0.6021298577511262
2.6530612244897966,3.0612244897959187,0.0,-0.15408419700457543
3.0612244897959187,3.0612244897959187,0.0,0.09523413626307375
3.4693877551020407,3.0612244897959187,0.0,-0.05961992980444575
3.8775510204081627,3.0612244897959187,0.0,-0.3550466294029077
4.2857142857142865,3.0612244897959187,0.0,-0.5306060097104878
4.6938775510204085,3.0612244897959187,0.0,-0.4123311971307093
5.1020408163265305,3.0612244897959187,0.0,-0.006614717452907398
5.510204081632654,3.0612244897959187,0.0,0.5054560605066785
5.918367346938776,3.0612244897959187,0.0,0.8676504679936167
6.326530612244898,3.0612244897959187,0.0,0.887101677565728
6.73469387755102,3.0612244897959187,0.0,0.5392079257372121
7.142857142857142,3.0612244897959187,0.0,-0.014520600882454382
7.551020408163264,3.0612244897959187,0.0,-0.504065980086374
7.95918367346939,3.0612244897959187,0.0,-0.6843512428163679
8.367346938775512,3.0612244897959187,0.0,-0.45762744852267717
8.775510204081634,3.0612244897959187,0.0,0.07585833939757669
9.183673469387756,3.0612244897959187,0.0,0.6636402466131529
9.591836734693878,3.0612244897959187,0.0,1.020583701284576
10.0,3.0612244897959187,0.0,0.9640032994472854
-10.0,3.4693877551020407,0.0,0.07249536489195432
-9.591836734693878,3.4693877551020407,0.0,-0.4177812679658288
-9.183673469387756,3.4693877551020407,0.0,-0.7394077273124593
-8.775510204081632,3.4693877551020407,0.0,-0.7823951994010379
-8.36734693877551,3.4693877551020407,0.0,-0.5572357711887714
-7.959183673469388,3.4693877551020407,0.0,-0.1805598441618302
-7.551020408163265,3.4693877551020407,0.0,0.18671242796529725
-7.142857142857142,3.4693877551020407,0.0,0.41741675505781767
-6.73469387755102,3.4693877551020407,0.0,0.4737089660008157
-6.326530612244898,3.4693877551020407,0.0,0.41331907228960896
-5.918367346938775,3.4693877551020407,0.0,0.34508359667458055
-5.5102040816326525,3.4693877551020407,0.0,0.35869788633914623
-5.1020408163265305,3.4693877551020407,0.0,0.46745813818476134
-4.6938775510204085,3.4693877551020407,0.0,0.5965788688980469
-4.285714285714286,3.4693877551020407,0.0,0.6260128682695085
-3.8775510204081627,3.4693877551020407,0.0,0.46728886788470236
-3.4693877551020407,3.4693877551020407,0.0,0.13430058736803915
-3.0612244897959187,3.4693877551020407,0.0,-0.23002915437354343
-2.6530612244897958,3.4693877551020407,0.0,-0.4095263071688482
-2.244897959183673,3.4693877551020407,0.0,-0.26241248211562995
-1.8367346938775508,3.4693877551020407,0.0,0.22776831537964498
-1.4285714285714288,3.4693877551020407,0.0,0.9369691792288253
-1.020408163265305,3.4693877551020407,0.0,1.6212011203555639
-0.612244897959183,3.4693877551020407,0.0,2.0064150951076902
-0.204081632653061,3.4693877551020407,0.0,1.9077962235670856
0.204081632653061,3.4693877551020407,0.0,1.3205760195693335
0.612244897959183,3.4693877551020407,0.0,0.4347552884183281
1.0204081632653068,3.4693877551020407,0.0,-0.43953644856510554
1.4285714285714288,3.4693877551020407,0.0,-1.0059329488525626
1.8367346938775508,3.4693877551020407,0.0,-1.1136287916167833
2.2448979591836746,3.4693877551020407,0.0,-0.823312746674232
2.6530612244897966,3.4693877551020407,0.0,-0.3735340074629
3.0612244897959187,3.4693877551020407,0.0,-0.059619929804445755
3.4693877551020407,3.4693877551020407,0.0,-0.028494014350881565
3.8775510204081627,3.4693877551020407,0.0,-0.15407204732122703
4.2857142857142865,3.4693877551020407,0.0,-0.2166813315249457
4.6938775510204085,3.4693877551020407,0.0,-0.06756769156709046
5.1020408163265305,3.4693877551020407,0.0,0.28747168493530223
5.510204081632654,3.4693877551020407,0.0,0.6939285960406998
5.918367346938776,3.4693877551020407,0.0,0.937566487343391
6.326530612244898,3.4693877551020407,0.0,0.8666172356183522
6.73469387755102,3.4693877551020407,0.0,0.48131939855803785
7.142857142857142,3.4693877551020407,0.0,-0.056525774580649946
7.551020408163264,3.4693877551020407,0.0,-0.49922081092696124
7.95918367346939,3.4693877551020407,0.0,-0.6355351255640875
8.367346938775512,3.4693877551020407,0.0,-0.39769757328523586
8.775510204081634,3.4693877551020407,0.0,0.1010960792749231
9.183673469387756,3.4693877551020407,0.0,0.6179060451747977
9.591836734693878,3.4693877551020407,0.0,0.8952100145226614
10.0,3.4693877551020407,0.0,0.7838875607665415
-10.0,3.8775510204081627,0.0,0.24830498962600228
-9.591836734693878,3.8775510204081627,0.0,-0.2456421429775416
-9.183673469387756,3.8775510204081627,0.0,-0.6239664257530423
-8.775510204081632,3.8775510204081627,0.0,-0.7599975710402873
-8.36734693877551,3.8775510204081627,0.0,-0.6383167760767876
-7.959183673469388,3.8775510204081627,0.0,-0.3497150219355323
-7.551020408163265,3.8775510204081627,0.0,-0.03738900340129059
-7.142857142857142,3.8775510204081627,0.0,0.17718592352236132
-6.73469387755102,3.8775510204081627,0.0,0.25099738980324005
-6.326530612244898,3.8775510204081627,0.0,0.23083225250702344
-5.918367346938775,3.8775510204081627,0.0,0.2150829481061815
-5.5102040816326525,3.8775510204081627,0.0,0.2879804769692944
-5.1020408163265305,3.8775510204081627,0.0,0.4630888959001023
-4.6938775510204085,3.8775510204081627,0.0,0.6685938122952692
-4.285714285714286,3.8775510204081627,0.0,0.7851125478675167
-3.8775510204081627,3.8775510204081627,0.0,0.7182367439183334
-3.4693877551020407,3.8775510204081627,0.0,0.46728886788470236
-3.0612244897959187,3.8775510204081627,0.0,0.14853598576797195
-2.6530612244897958,3.8775510204081627,0.0,-0.053474415038825815
-2.244897959183673,3.8775510204081627,0.0,0.015619888863788622
-1.8367346938775508,3.8775510204081627,0.0,0.4006512118027547
-1.4285714285714288,3.8775510204081627,0.0,1.0032187533306627
-1.020408163265305,3.8775510204081627,0.0,1.6037383002269214
-0.612244897959183,3.8775510204081627,0.0,1.9440618090067312
-0.204081632653061,3.8775510204081627,0.0,1.8398379043666666
0.204081632653061,3.8775510204081627,0.0,1.2700452748997688
0.612244897959183,3.8775510204081627,0.0,0.3977451304929899
1.0204081632653068,3.8775510204081627,0.0,-0.4929709670331885
1.4285714285714288,3.8775510204081627,0.0,-1.118246300639385
1.8367346938775508,3.8775510204081627,0.0,-1.3180341940522053
2.2448979591836746,3.8775510204081627,0.0,-1.1218760922444084
2.6530612244897966,3.8775510204081627,0.0,-0.721506695014391
3.0612244897959187,3.8775510204081627,0.0,-0.3550466294029077
3.4693877551020407,3.8775510204081627,0.0,-0.15407204732122703
3.8775510204081627,3.8775510204081627,0.0,-0.07437556108392876
4.2857142857142865,3.8775510204081627,0.0,0.02117858894519148
4.6938775510204085,3.8775510204081627,0.0,0.23356841364489303
5.1020408163265305,3.8775510204081627,0.0,0.5492680689900695
5.510204081632654,3.8775510204081627,0.0,0.8434555464720715
5.918367346938776,3.8775510204081627,0.0,0.9540402426261965
6.326530612244898,3.8775510204081627,0.0,0.7815590045180256
6.73469387755102,3.8775510204081627,0.0,0.3581122625094882
7.142857142857142,3.8775510204081627,0.0,-0.1537797084037974
7.551020408163264,3.8775510204081627,0.0,-0.5338403631130403
7.95918367346939,3.8775510204081627,0.0,-0.6117608079341267
8.367346938775512,3.8775510204081627,0.0,-0.3547702888274055
8.775510204081634,3.8775510204081627,0.0,0.11049893673885339
9.183673469387756,3.8775510204081627,0.0,0.5545339550375156
9.591836734693878,3.8775510204081627,0.0,0.753225087656986
10.0,3.8775510204081627,0.0,0.5952991910089338
-10.0,4.2857142857142865,0.0,0.40193232756589115
-9.591836734693878,4.2857142857142865,0.0,-0.045879479226467755
-9.183673469387756,4.2857142857142865,0.0,-0.43347632146796
-8.775510204081632,4.2857142857142865,0.0,-0.6287054545855391
-8.36734693877551,4.2857142857142865,0.0,-0.5972481711141285
-7.959183673469388,4.2857142857142865,0.0,-0.4060164782733484
-7.551020408163265,4.2857142857142865,0.0,-0.17816169517782748
-7.142857142857142,4.2857142857142865,0.0,-0.024464966061862242
-6.73469387755102,4.2857142857142865,0.0,0.01306821685632581
-6.326530612244898,4.2857142857142865,0.0,-0.0232579675137416
-5.918367346938775,4.2857142857142865,0.0,-0.039061054049024435
-5.5102040816326525,4.2857142857142865,0.0,0.05057446265555082
-5.1020408163265305,4.2857142857142865,0.0,0.26456329656840155
-4.6938775510204085,4.2857142857142865,0.0,0.5365837858378656
-4.285714285714286,4.2857142857142865,0.0,0.7460603495199751
-3.8775510204081627,4.2857142857142865,0.0,0.7851125478675167
-3.4693877551020407,4.2857142857142865,0.0,0.6260128682695089
-3.0612244897959187,4.2857142857142865,0.0,0.34973104016714085
-2.6530612244897958,4.2857142857142865,0.0,0.11423116714646325
-2.244897959183673,4.2857142857142865,0.0,0.07684613095072396
-1.8367346938775508,4.2857142857142865,0.0,0.3125316291737532
-1.4285714285714288,4.2857142857142865,0.0,0.7664124020386583
-1.020408163265305,4.2857142857142865,0.0,1.263385673504446
-0.612244897959183,4.2857142857142865,0.0,1.5764535062358056
-0.204081632653061,4.2857142857142865,0.0,1.5268632644859421
0.204081632653061,4.2857142857142865,0.0,1.069763997103379
0.612244897959183,4.2857142857142865,0.0,0.32259200937809124
1.0204081632653068,4.2857142857142865,0.0,-0.48061428023938857
1.4285714285714288,4.2857142857142865,0.0,-1.0896540047214012
1.8367346938775508,4.2857142857142865,0.0,-1.3457774337400377
2.2448979591836746,4.2857142857142865,0.0,-1.2432086443698362
2.6530612244897966,4.2857142857142865,0.0,-0.9121755257903534
3.0612244897959187,4.2857142857142865,0.0,-0.5306060097104878
3.4693877551020407,4.2857142857142865,0.0,-0.21668133152494573
3.8775510204081627,4.2857142857142865,0.0,0.02117858894519148
4.2857142857142865,4.2857142857142865,0.0,0.24378438398812485
4.6938775510204085,4.2857142857142865,0.0,0.49761273646233295
5.1020408163265305,4.2857142857142865,0.0,0.7567731969324081
5.510204081632654,4.2857142857142865,0.0,0.9258247950071092
5.918367346938776,4.2857142857142865,0.0,0.8971299056164987
6.326530612244898,4.2857142857142865,0.0,0.6255923382970706
6.73469387755102,4.2857142857142865,0.0,0.17473676138406616
7.142857142857142,4.2857142857142865,0.0,-0.29564193366615704
7.551020408163264,4.2857142857142865,0.0,-0.5977538732994582
7.95918367346939,4.2857142857142865,0.0,-0.6064788654428197
8.367346938775512,4.2857142857142865,0.0,-0.32542837320786905
8.775510204081634,4.2857142857142865,0.0,0.10743163632465236
9.183673469387756,4.2857142857142865,0.0,0.4803629412922606
9.591836734693878,4.2857142857142865,0.0,0.6067961222608875
10.0,4.2857142857142865,0.0,0.414776046056677
-10.0,4.6938775510204085,0.0,0.4884996586337511
-9.591836734693878,4.6938775510204085,0.0,0.12338595480330662
-9.183673469387756,4.6938775510204085,0.0,-0.22652610779237978
-8.775510204081632,4.6938775510204085,0.0,-0.43361023123013787
-8.36734693877551,4.6938775510204085,0.0,-0.4535162500109664
-7.959183673469388,4.6938775510204085,0.0,-0.3354659383659143
-7.551020408163265,4.6938775510204085,0.0,-0.18572117423172974
-7.142857142857142,4.6938775510204085,0.0,-0.10491586827875765
-6.73469387755102,4.6938775510204085,0.0,-0.132570138846623
-6.326530612244898,4.6938775510204085,0.0,-0.22767667440756284
-5.918367346938775,4.6938775510204085,0.0,-0.2950283721539227
-5.5102040816326525,4.6938775510204085,0.0,-0.24272974594368663
-5.1020408163265305,4.6938775510204085,0.0,-0.039550219902295375
-4.6938775510204085,4.6938775510204085,0.0,0.25974504089721184
-4.285714285714286,4.6938775510204085,0.0,0.5365837858378654
-3.8775510204081627,4.6938775510204085,0.0,0.6685938122952692
-3.4693877551020407,4.6938775510204085,0.0,0.5965788688980469
-3.0612244897959187,4.6938775510204085,0.0,0.3619848453793183
-2.6530612244897958,4.6938775510204085,0.0,0.09265235018290582
-2.244897959183673,4.6938775510204085,0.0,-0.05769690995803991
-1.8367346938775508,4.6938775510204085,0.0,0.013668614254989577
-1.4285714285714288,4.6938775510204085,0.0,0.302716999051251
-1.020408163265305,4.6938775510204085,0.0,0.6918359795675226
-0.612244897959183,4.6938775510204085,0.0,0.9980390681089641
-0.204081632653061,4.6938775510204085,0.0,1.0557408192552578
0.204081632653061,4.6938775510204085,0.0,0.7952019807572044
0.612244897959183,4.6938775510204085,0.0,0.2781380326456774
1.0204081632653068,4.6938775510204085,0.0,-0.3278171662276795
1.4285714285714288,4.6938775510204085,0.0,-0.8237616976026696
1.8367346938775508,4.6938775510204085,0.0,-1.0661490245246845
2.2448979591836746,4.6938775510204085,0.0,-1.0216733714309112
2.6530612244897966,4.6938775510204085,0.0,-0.7631890821980754
3.0612244897959187,4.6938775510204085,0.0,-0.41233119713070937
3.4693877551020407,4.6938775510204085,0.0,-0.06756769156709047
3.8775510204081627,4.6938775510204085,0.0,0.23356841364489303
4.2857142857142865,4.6938775510204085,0.0,0.49761273646233295
4.6938775510204085,4.6938775510204085,0.0,0.7278727352874664
5.1020408163265305,4.6938775510204085,0.0,0.8899015504214123
5.510204081632654,4.6938775510204085,0.0,0.9169655675981923
5.918367346938776,4.6938775510204085,0.0,0.7520216063486436
6.326530612244898,4.6938775510204085,0.0,0.3980642949319231
6.73469387755102,4.6938775510204085,0.0,-0.05756022847354181
7.142857142857142,4.6938775510204085,0.0,-0.46506155366939217
7.551020408163264,4.6938775510204085,0.0,-0.6742313721965176
7.95918367346939,4.6938775510204085,0.0,-0.606693999697811
8.367346938775512,4.6938775510204085,0.0,-0.30029443536334127
8.775510204081634,4.6938775510204085,0.0,0.10025466581265152
9.183673469387756,4.6938775510204085,0.0,0.4057240951792508
9.591836734693878,4.6938775510204085,0.0,0.46958680486484716
10.0,4.6938775510204085,0.0,0.25806942753037154
-10.0,5.1020408163265305,0.0,0.4837146154572384
-9.591836734693878,5.1020408163265305,0.0,0.21384907819561874
-9.183673469387756,5.1020408163265305,0.0,-0.0675867736546467
-8.775510204081632,5.1020408163265305,0.0,-0.24356610771585113
-8.36734693877551,5.1020408163265305,0.0,-0.26706441211443405
-7.959183673469388,5.1020408163265305,0.0,-0.17675130776054493
-7.551020408163265,5.1020408163265305,0.0,-0.06811106030823816
-7.142857142857142,5.1020408163265305,0.0,-0.03644047833648412
-6.73469387755102,5.1020408163265305,0.0,-0.12212917913360047
-6.326530612244898,5.1020408163265305,0.0,-0.2870035169797854
-5.918367346938775,5.1020408163265305,0.0,-0.4341721446024192
-5.5102040816326525,5.1020408163265305,0.0,-0.4610576618927253
-5.1020408163265305,5.1020408163265305,0.0,-0.3177508316115685
-4.6938775510204085,5.1020408163265305,0.0,-0.039550219902295375
-4.285714285714286,5.1020408163265305,0.0,0.2645632965684022
-3.8775510204081627,5.1020408163265305,0.0,0.4630888959001023
-3.4693877551020407,5.1020408163265305,0.0,0.46745813818476134
-3.0612244897959187,5.1020408163265305,0.0,0.27826786561531736
-2.6530612244897958,5.1020408163265305,0.0,-0.011931194565548198
-2.244897959183673,5.1020408163265305,0.0,-0.26144809495791377
-1.8367346938775508,5.1020408163265305,0.0,-0.34707742902172045
-1.4285714285714288,5.1020408163265305,0.0,-0.22365821135504435
-1.020408163265305,5.1020408163265305,0.0,0.05342317244675692
-0.612244897959183,5.1020408163265305,0.0,0.35404538232894345
-0.204081632653061,5.1020408163265305,0.0,0.5351779535297161
0.204081632653061,5.1020408163265305,0.0,0.5084919061156092
0.612244897959183,5.1020408163265305,0.0,0.28064440988398465
1.0204081632653068,5.1020408163265305,0.0,-0.0528591326906141
1.4285714285714288,5.1020408163265305,0.0,-0.355480520698953
1.8367346938775508,5.1020408163265305,0.0,-0.5131774649459475
2.2448979591836746,5.1020408163265305,0.0,-0.4804799311721697
2.6530612244897966,5.1020408163265305,0.0,-0.2870625647331743
3.0612244897959187,5.1020408163265305,0.0,-0.006614717452907426
3.4693877551020407,5.1020408163265305,0.0,0.28747168493530223
3.8775510204081627,5.1020408163265305,0.0,0.5492680689900695
4.2857142857142865,5.1020408163265305,0.0,0.756773196932408
4.6938775510204085,5.1020408163265305,0.0,0.8899015504214123
5.1020408163265305,5.1020408163265305,0.0,0.9151821998852634
5.510204081632654,5.1020408163265305,0.0,0.7941590662336973
5.918367346938776,5.1020408163265305,0.0,0.5123664503184777
6.326530612244898,5.1020408163265305,0.0,0.1087444138580225
6.73469387755102,5.1020408163265305,0.0,-0.317966198294583
7.142857142857142,5.1020408163265305,0.0,-0.6372763367767716
7.551020408163264,5.1020408163265305,0.0,-0.7405900192674797
7.95918367346939,5.1020408163265305,0.0,-0.5947444014873635
8.367346938775512,5.1020408163265305,0.0,-0.2662963745611711
8.775510204081634,5.1020408163265305,0.0,0.09996350917058189
9.183673469387756,5.1020408163265305,0.0,0.34208723952174863
9.591836734693878,5.1020408163265305,0.0,0.35438716410287185
10.0,5.1020408163265305,0.0,0.13778755226081946
-10.0,5.510204081632654,0.0,0.39428708316473915
-9.591836734693878,5.510204081632654,0.0,0.20491333150569652
-9.183673469387756,5.510204081632654,0.0,-0.0039196891328177885
-8.775510204081632,5.510204081632654,0.0,-0.12666715776628196
-8.36734693877551,5.510204081632654,0.0,-0.11698654612770701
-7.959183673469388,5.510204081632654,0.0,-0.007878304201963976
-7.551020408163265,5.510204081632654,0.0,0.11015880832222774
-7.142857142857142,5.510204081632654,0.0,0.14081492705318427
-6.73469387755102,5.510204081632654,0.0,0.03633445531112542
-6.326530612244898,5.510204081632654,0.0,-0.17379169717366014
-5.918367346938775,5.510204081632654,0.0,-0.39496213677878916
-5.5102040816326525,5.510204081632654,0.0,-0.5146813242945533
-5.1020408163265305,5.510204081632654,0.0,-0.46105766189272607
-4.6938775510204085,5.510204081632654,0.0,-0.2427297459436888
-4.285714285714286,5.510204081632654,0.0,0.05057446265555049
-3.8775510204081627,5.510204081632654,0.0,0.2879804769692937
-3.4693877551020407,5.510204081632654,0.0,0.358697886339146
-3.0612244897959187,5.510204081632654,0.0,0.2246115156171794
-2.6530612244897958,5.510204081632654,0.0,-0.061344905028821284
-2.244897959183673,5.510204081632654,0.0,-0.3795692246631042
-1.8367346938775508,5.510204081632654,0.0,-0.5985861929166878
-1.4285714285714288,5.510204081632654,0.0,-0.6336281355637239
-1.020408163265305,5.510204081632654,0.0,-0.4813326328063246
-0.612244897959183,5.510204081632654,0.0,-0.2152283304767323
-0.204081632653061,5.510204081632654,0.0,0.053836776008366644
0.204081632653061,5.510204081632654,0.0,0.231309883154308
0.612244897959183,5.510204081632654,0.0,0.2798190897848341
1.0204081632653068,5.510204081632654,0.0,0.22860114459998346
1.4285714285714288,5.510204081632654,0.0,0.14999156870620461
1.8367346938775508,5.510204081632654,0.0,0.11850225403396761
2.2448979591836746,5.510204081632654,0.0,0.17554432607255427
2.6530612244897966,5.510204081632654,0.0,0.3169996788773739
3.0612244897959187,5.510204081632654,0.0,0.5054560605066785
3.4693877551020407,5.510204081632654,0.0,0.6939285960406997
3.8775510204081627,5.510204081632654,0.0,0.8434555464720714
4.2857142857142865,5.510204081632654,0.0,0.9258247950071092
4.6938775510204085,5.510204081632654,0.0,0.9169655675981923
5.1020408163265305,5.510204081632654,0.0,0.7941590662336973
5.510204081632654,5.510204081632654,0.0,0.5456219056527901
5.918367346938776,5.510204081632654,0.0,0.18881123647436077
6.326530612244898,5.510204081632654,0.0,-0.21633136360882654
6.73469387755102,5.510204081632654,0.0,-0.5735422898287948
7.142857142857142,5.510204081632654,0.0,-0.780185863969076
7.551020408163264,5.510204081632654,0.0,-0.7705966668639608
7.95918367346939,5.510204081632654,0.0,-0.5517237427563227
8.367346938775512,5.510204081632654,0.0,-0.21032036355159536
8.775510204081634,5.510204081632654,0.0,0.11674888598091127
9.183673469387756,5.510204081632654,0.0,0.2989962174782994
9.591836734693878,5.510204081632654,0.0,0.2704609189365365
10.0,5.510204081632654,0.0,0.06121446734052183
-10.0,5.918367346938776,0.0,0.258506329234243
-9.591836734693878,5.918367346938776,0.0,0.11365704319264902
-9.183673469387756,5.918367346938776,0.0,-0.04611272160356722
-8.775510204081632,5.918367346938776,0.0,-0.12304749422099281
-8.36734693877551,5.918367346938776,0.0,-0.07002387470127368
-7.959183673469388,5.918367346938776,0.0,0.08506635603877377
-7.551020408163265,5.918367346938776,0.0,0.25413304604699216
-7.142857142857142,5.918367346938776,0.0,0.3351271505234392
-6.73469387755102,5.918367346938776,0.0,0.26613469271009027
-6.326530612244898,5.918367346938776,0.0,0.059821444781444494
-5.918367346938775,5.918367346938776,0.0,-0.1994594513178533
-5.5102040816326525,5.918367346938776,0.0,-0.394962136778791
-5.1020408163265305,5.918367346938776,0.0,-0.43417214460241965
-4.6938775510204085,5.918367346938776,0.0,-0.29502837215392314
-4.285714285714286,5.918367346938776,0.0,-0.0390610540490246
-3.8775510204081627,5.918367346938776,0.0,0.21508294810618056
-3.4693877551020407,5.918367346938776,0.0,0.3450835966745802
-3.0612244897959187,5.918367346938776,0.0,0.27999332456399767
-2.6530612244897958,5.918367346938776,0.0,0.03133390738666142
-2.244897959183673,5.918367346938776,0.0,-0.31324114975612044
-1.8367346938775508,5.918367346938776,0.0,-0.6292088035747128
-1.4285714285714288,5.918367346938776,0.0,-0.8078558681983704
-1.020408163265305,5.918367346938776,0.0,-0.7978967372644721
-0.612244897959183,5.918367346938776,0.0,-0.6184581243969027
-0.204081632653061,5.918367346938776,0.0,-0.34065478870353116
0.204081632653061,5.918367346938776,0.0,-0.04995720144151322
0.612244897959183,5.918367346938776,0.0,0.19073518597801012
1.0204081632653068,5.918367346938776,0.0,0.36030394096741264
1.4285714285714288,5.918367346938776,0.0,0.475041508064142
1.8367346938775508,5.918367346938776,0.0,0.5676183527093396
2.2448979591836746,5.918367346938776,0.0,0.6636375386704139
2.6530612244897966,5.918367346938776,0.0,0.7683715402348554
3.0612244897959187,5.918367346938776,0.0,0.8676504679936167
3.4693877551020407,5.918367346938776,0.0,0.937566487343391
3.8775510204081627,5.918367346938776,0.0,0.9540402426261964
4.2857142857142865,5.918367346938776,0.0,0.8971299056164987
4.6938775510204085,5.918367346938776,0.0,0.7520216063486437
5.1020408163265305,5.918367346938776,0.0,0.5123664503184777
5.510204081632654,5.918367346938776,0.0,0.18881123647436077
5.918367346938776,5.918367346938776,0.0,-0.1812477105018472
6.326530612244898,5.918367346938776,0.0,-0.5316279757531244
6.73469387755102,5.918367346938776,0.0,-0.7805210663012813
7.142857142857142,5.918367346938776,0.0,-0.8583258086310468
7.551020408163264,5.918367346938776,0.0,-0.7395733668092996
7.95918367346939,5.918367346938776,0.0,-0.4626210520445214
8.367346938775512,5.918367346938776,0.0,-0.12376812564553338
8.775510204081634,5.918367346938776,0.0,0.15624985648727147
9.183673469387756,5.918367346938776,0.0,0.28113904249253063
9.591836734693878,5.918367346938776,0.0,0.22138843927709048
10.0,5.918367346938776,0.0,0.028935235038070273
-10.0,6.326530612244898,0.0,0.13499960823027854
-9.591836734693878,6.326530612244898,0.0,-0.008439776391641701
-9.183673469387756,6.326530612244898,0.0,-0.16081249872096548
-8.775510204081632,6.326530612244898,0.0,-0.22612320264167604
-8.36734693877551,6.326530612244898,0.0,-0.15125983532528753
-7.959183673469388,6.326530612244898,0.0,0.04503004034267557
-7.551020408163265,6.326530612244898,0.0,0.279249931302741
-7.142857142857142,6.326530612244898,0.0,0.44301998929565534
-6.73469387755102,6.326530612244898,0.0,0.45616657819404915
-6.326530612244898,6.326530612244898,0.0,0.3069771730349418
-5.918367346938775,6.326530612244898,0.0,0.059821444781445215
-5.5102040816326525,6.326530612244898,0.0,-0.1737916971736626
-5.1020408163265305,6.326530612244898,0.0,-0.2870035169797854
-4.6938775510204085,6.326530612244898,0.0,-0.22767667440756284
-4.285714285714286,6.326530612244898,0.0,-0.02325796751374096
-3.8775510204081627,6.326530612244898,0.0,0.23083225250702344
-3.4693877551020407,6.326530612244898,0.0,0.41331907228960896
-3.0612244897959187,6.326530612244898,0.0,0.4298748106049346
-2.6530612244897958,6.326530612244898,0.0,0.2527250772533961
-2.244897959183673,6.326530612244898,0.0,-0.069624649909699
-1.8367346938775508,6.326530612244898,0.0,-0.4348023084588616
-1.4285714285714288,6.326530612244898,0.0,-0.728954063454692
-1.020408163265305,6.326530612244898,0.0,-0.8692420367988846
-0.612244897959183,6.326530612244898,0.0,-0.8286936781006189
-0.204081632653061,6.326530612244898,0.0,-0.6356486403464814
0.204081632653061,6.326530612244898,0.0,-0.35240825707314516
0.612244897959183,6.326530612244898,0.0,-0.04619081511947751
1.0204081632653068,6.326530612244898,0.0,0.23353318753147848
1.4285714285714288,6.326530612244898,0.0,0.46323552108833
1.8367346938775508,6.326530612244898,0.0,0.6397666188256286
2.2448979591836746,6.326530612244898,0.0,0.7682489618307939
2.6530612244897966,6.326530612244898,0.0,0.8517297875992549
3.0612244897959187,6.326530612244898,0.0,0.887101677565728
3.4693877551020407,6.326530612244898,0.0,0.8666172356183521
3.8775510204081627,6.326530612244898,0.0,0.7815590045180255
4.2857142857142865,6.326530612244898,0.0,0.6255923382970706
4.6938775510204085,6.326530612244898,0.0,0.3980642949319231
5.1020408163265305,6.326530612244898,0.0,0.1087444138580225
5.510204081632654,6.326530612244898,0.0,-0.21633136360882654
5.918367346938776,6.326530612244898,0.0,-0.5316279757531244
6.326530612244898,6.326530612244898,0.0,-0.7768089575738575
6.73469387755102,6.326530612244898,0.0,-0.8921447935583781
7.142857142857142,6.326530612244898,0.0,-0.8412969642894583
7.551020408163264,6.326530612244898,0.0,-0.631895422356402
7.95918367346939,6.326530612244898,0.0,-0.32223094779112266
8.367346938775512,6.326530612244898,0.0,-0.006824274867304858
8.775510204081634,6.326530612244898,0.0,0.21667845612864198
9.183673469387756,6.326530612244898,0.0,0.2865621912064066
9.591836734693878,6.326530612244898,0.0,0.2041723535973067
10.0,6.326530612244898,0.0,0.034772245606529695
-10.0,6.73469387755102,0.0,0.08214915283706489
-9.591836734693878,6.73469387755102,0.0,-0.09271436430224678
-9.183673469387756,6.73469387755102,0.0,-0.2803618742173307
-8.775510204081632,6.73469387755102,0.0,-0.38125930164184707
-8.36734693877551,6.73469387755102,0.0,-0.329899113881543
-7.959183673469388,6.73469387755102,0.0,-0.12881020288947476
-7.551020408163265,6.73469387755102,0.0,0.14976577097081847
-7.142857142857142,6.73469387755102,0.0,0.39569031602629956
-6.73469387755102,6.73469387755102,0.0,0.511249241764223
-6.326530612244898,6.73469387755102,0.0,0.45616657819404915
-5.918367346938775,6.73469387755102,0.0,0.26613469271009027
-5.5102040816326525,6.73469387755102,0.0,0.03633445531112406
-5.1020408163265305,6.73469387755102,0.0,-0.12212917913360047
-4.6938775510204085,6.73469387755102,0.0,-0.132570138846623
-4.285714285714286,6.73469387755102,0.0,0.013068216856326254
-3.8775510204081627,6.73469387755102,0.0,0.25099738980324005
-3.4693877551020407,6.73469387755102,0.0,0.4737089660008157
-3.0612244897959187,6.73469387755102,0.0,0.5758348830806506
-2.6530612244897958,6.73469387755102,0.0,0.49713703771167517
-2.244897959183673,6.73469387755102,0.0,0.244716773458598
-1.8367346938775508,6.73469387755102,0.0,-0.1130384686770296
-1.4285714285714288,6.73469387755102,0.0,-0.47549906676171655
-1.020408163265305,6.73469387755102,0.0,-0.74747949024502
-0.612244897959183,6.73469387755102,0.0,-0.8695327191816089
-0.204081632653061,6.73469387755102,0.0,-0.8303807647152579
0.204081632653061,6.73469387755102,0.0,-0.6602789888099796
0.612244897959183,6.73469387755102,0.0,-0.41224481421628534
1.0204081632653068,6.73469387755102,0.0,-0.14148202333887522
1.4285714285714288,6.73469387755102,0.0,0.1086947397182452
1.8367346938775508,6.73469387755102,0.0,0.31143085755023886
2.2448979591836746,6.73469387755102,0.0,0.453548041414164
2.6530612244897966,6.73469387755102,0.0,0.5299736018388037
3.0612244897959187,6.73469387755102,0.0,0.5392079257372122
3.4693877551020407,6.73469387755102,0.0,0.48131939855803785
3.8775510204081627,6.73469387755102,0.0,0.3581122625094882
4.2857142857142865,6.73469387755102,0.0,0.17473676138406616
4.6938775510204085,6.73469387755102,0.0,-0.05756022847354178
5.1020408163265305,6.73469387755102,0.0,-0.317966198294583
5.510204081632654,6.73469387755102,0.0,-0.5735422898287947
5.918367346938776,6.73469387755102,0.0,-0.7805210663012813
6.326530612244898,6.73469387755102,0.0,-0.8921447935583781
6.73469387755102,6.73469387755102,0.0,-0.8729500999754751
7.142857142857142,6.73469387755102,0.0,-0.7150689076160756
7.551020408163264,6.73469387755102,0.0,-0.4487711367525405
7.95918367346939,6.73469387755102,0.0,-0.13977386335763362
8.367346938775512,6.73469387755102,0.0,0.12928228220051696
8.775510204081634,6.73469387755102,0.0,0.28808786359039007
9.183673469387756,6.73469387755102,0.0,0.3068684362932928
9.591836734693878,6.73469387755102,0.0,0.21007233374236348
10.0,6.73469387755102,0.0,0.06719646389905497
-10.0,7.142857142857142,0.0,0.1349050146239296
-9.591836734693878,7.142857142857142,0.0,-0.07946840746401013
-9.183673469387756,7.142857142857142,0.0,-0.3275089583238396
-8.775510204081632,7.142857142857142,0.0,-0.5043957283411797
-8.36734693877551,7.142857142857142,0.0,-0.527723911686607
-7.959183673469388,7.142857142857142,0.0,-0.37649902641543137
-7.551020408163265,7.142857142857142,0.0,-0.10254604088017583
-7.142857142857142,7.142857142857142,0.0,0.19121938998625282
-6.73469387755102,7.142857142857142,0.0,0.39569031602629956
-6.326530612244898,7.142857142857142,0.0,0.44301998929565534
-5.918367346938775,7.142857142857142,0.0,0.33512715052343944
-5.5102040816326525,7.142857142857142,0.0,0.14081492705318305
-5.1020408163265305,7.142857142857142,0.0,-0.03644047833648412
-4.6938775510204085,7.142857142857142,0.0,-0.10491586827875765
-4.285714285714286,7.142857142857142,0.0,-0.024464966061862548
-3.8775510204081627,7.142857142857142,0.0,0.17718592352236132
-3.4693877551020407,7.142857142857142,0.0,0.41741675505781767
-3.0612244897959187,7.142857142857142,0.0,0.5937449164330326
-2.6530612244897958,7.142857142857142,0.0,0.624858223449631
-2.244897959183673,7.142857142857142,0.0,0.4804858829837946
-1.8367346938775508,7.142857142857142,0.0,0.1893050417050495
-1.4285714285714288,7.142857142857142,0.0,-0.1756796755258828
-1.020408163265305,7.142857142857142,0.0,-0.525680864903816
-0.612244897959183,7.142857142857142,0.0,-0.7857681840004089
-0.204081632653061,7.142857142857142,0.0,-0.9145948190498516
0.204081632653061,7.142857142857142,0.0,-0.909262057577809
0.612244897959183,7.142857142857142,0.0,-0.7972222603926634
1.0204081632653068,7.142857142857142,0.0,-0.6215736798984588
1.4285714285714288,7.142857142857142,0.0,-0.4267393067477402
1.8367346938775508,7.142857142857142,0.0,-0.24905675117504333
2.2448979591836746,7.142857142857142,0.0,-0.11326618894408846
2.6530612244897966,7.142857142857142,0.0,-0.0332491807650222
3.0612244897959187,7.142857142857142,0.0,-0.014520600882454437
3.4693877551020407,7.142857142857142,0.0,-0.056525774580649946
3.8775510204081627,7.142857142857142,0.0,-0.15377970840379737
4.2857142857142865,7.142857142857142,0.0,-0.295641933666157
4.6938775510204085,7.142857142857142,0.0,-0.46506155366939217
5.1020408163265305,7.142857142857142,0.0,-0.6372763367767718
5.510204081632654,7.142857142857142,0.0,-0.780185863969076
5.918367346938776,7.142857142857142,0.0,-0.8583258086310469
6.326530612244898,7.142857142857142,0.0,-0.8412969642894583
6.73469387755102,7.142857142857142,0.0,-0.7150689076160756
7.142857142857142,7.142857142857142,0.0,-0.4918261266593323
7.551020408163264,7.142857142857142,0.0,-0.21273907086851238
7.95918367346939,7.142857142857142,0.0,0.06032664826157086
8.367346938775512,7.142857142857142,0.0,0.2636081122092639
8.775510204081634,7.142857142857142,0.0,0.35459215769479024
9.183673469387756,7.142857142857142,0.0,0.3296559757795974
9.591836734693878,7.142857142857142,0.0,0.2270723186152192
10.0,7.142857142857142,0.0,0.11190193848059518
-10.0,7.551020408163264,0.0,0.28788232678336906
-9.591836734693878,7.551020408163264,0.0,0.056447266203596996
-9.183673469387756,7.551020408163264,0.0,-0.24668072193695875
-8.775510204081632,7.551020408163264,0.0,-0.5147821122876652
-8.36734693877551,7.551020408163264,0.0,-0.6485327704417282
-7.959183673469388,7.551020408163264,0.0,-0.5989592897251133
-7.551020408163265,7.551020408163264,0.0,-0.38877982767001895
-7.142857142857142,7.551020408163264,0.0,-0.10254604088017583
-6.73469387755102,7.551020408163264,0.0,0.14976577097081786
-6.326530612244898,7.551020408163264,0.0,0.27924993130274073
-5.918367346938775,7.551020408163264,0.0,0.25413304604699183
-5.5102040816326525,7.551020408163264,0.0,0.11015880832222624
-5.1020408163265305,7.551020408163264,0.0,-0.06811106030823794
-4.6938775510204085,7.551020408163264,0.0,-0.1857211742317295
-4.285714285714286,7.551020408163264,0.0,-0.17816169517782732
-3.8775510204081627,7.551020408163264,0.0,-0.0373890034012892
-3.4693877551020407,7.551020408163264,0.0,0.18671242796529836
-3.0612244897959187,7.551020408163264,0.0,0.4081357544528862
-2.6530612244897958,7.551020408163264,0.0,0.5390772311334856
-2.244897959183673,7.551020408163264,0.0,0.5220726012085816
-1.8367346938775508,7.551020408163264,0.0,0.3478468082114014
-1.4285714285714288,7.551020408163264,0.0,0.0540226671176673
-1.020408163265305,7.551020408163264,0.0,-0.29200879675129154
-0.612244897959183,7.551020408163264,0.0,-0.6172662142418955
-0.204081632653061,7.551020408163264,0.0,-0.8646434831291747
0.204081632653061,7.551020408163264,0.0,-1.0049957586289604
0.612244897959183,7.551020408163264,0.0,-1.0381846948933333
1.0204081632653068,7.551020408163264,0.0,-0.9858042536530752
1.4285714285714288,7.551020408163264,0.0,-0.880400697154397
1.8367346938775508,7.551020408163264,0.0,-0.7555876067187736
2.2448979591836746,7.551020408163264,0.0,-0.6395070291134748
2.6530612244897966,7.551020408163264,0.0,-0.5519493454459085
3.0612244897959187,7.551020408163264,0.0,-0.504065980086374
3.4693877551020407,7.551020408163264,0.0,-0.49922081092696124
3.8775510204081627,7.551020408163264,0.0,-0.5338403631130403
4.2857142857142865,7.551020408163264,0.0,-0.5977538732994582
4.6938775510204085,7.551020408163264,0.0,-0.6742313721965176
5.1020408163265305,7.551020408163264,0.0,-0.7405900192674797
5.510204081632654,7.551020408163264,0.0,-0.7705966668639608
5.918367346938776,7.551020408163264,0.0,-0.7395733668092996
6.326530612244898,7.551020408163264,0.0,-0.6318954223564018
6.73469387755102,7.551020408163264,0.0,-0.4487711367525405
7.142857142857142,7.551020408163264,0.0,-0.21273907086851238
7.551020408163264,7.551020408163264,0.0,0.03464330912875978
7.95918367346939,7.551020408163264,0.0,0.24329767453215462
8.367346938775512,7.551020408163264,0.0,0.37095227051537283
8.775510204081634,7.551020408163264,0.0,0.3993024492939307
9.183673469387756,7.551020408163264,0.0,0.3425772899501123
9.591836734693878,7.551020408163264,0.0,0.24322623431290666
10.0,7.551020408163264,0.0,0.15479180010987825
-10.0,7.95918367346939,0.0,0.49235988509108936
-9.591836734693878,7.95918367346939,0.0,0.2911345829795042
-9.183673469387756,7.95918367346939,0.0,-0.029504379386386004
-8.775510204081632,7.95918367346939,0.0,-0.36924848339102856
-8.36734693877551,7.95918367346939,0.0,-0.6174666495809027
-7.959183673469388,7.95918367346939,0.0,-0.6979109102169632
-7.551020408163265,7.95918367346939,0.0,-0.5989592897251131
-7.142857142857142,7.95918367346939,0.0,-0.3764990264154333
-6.73469387755102,7.95918367346939,0.0,-0.12881020288947642
-6.326530612244898,7.95918367346939,0.0,0.04503004034267651
-5.918367346938775,7.95918367346939,0.0,0.08506635603877244
-5.5102040816326525,7.95918367346939,0.0,-0.00787830420196492
-5.1020408163265305,7.95918367346939,0.0,-0.17675130776054598
-4.6938775510204085,7.95918367346939,0.0,-0.3354659383659132
-4.285714285714286,7.95918367346939,0.0,-0.40601647827334975
-3.8775510204081627,7.95918367346939,0.0,-0.3497150219355323
-3.4693877551020407,7.95918367346939,0.0,-0.18055984416183182
-3.0612244897959187,7.95918367346939,0.0,0.042857742631586204
-2.6530612244897958,7.95918367346939,0.0,0.24155330175178966
-2.244897959183673,7.95918367346939,0.0,0.3454185872588039
-1.8367346938775508,7.95918367346939,0.0,0.31604321537897373
-1.4285714285714288,7.95918367346939,0.0,0.15574437426031232
-1.020408163265305,7.95918367346939,0.0,-0.09816272491357395
-0.612244897959183,7.95918367346939,0.0,-0.3892214426555154
-0.204081632653061,7.95918367346939,0.0,-0.6604814444704279
0.204081632653061,7.95918367346939,0.0,-0.8692742919222447
0.612244897959183,7.95918367346939,0.0,-0.9944567956018132
1.0204081632653068,7.95918367346939,0.0,-1.036013886013043
1.4285714285714288,7.95918367346939,0.0,-1.0094578967144119
1.8367346938775508,7.95918367346939,0.0,-0.9383044816701045
2.2448979591836746,7.95918367346939,0.0,-0.8472800554786292
2.6530612244897966,7.95918367346939,0.0,-0.7575918044904086
3.0612244897959187,7.95918367346939,0.0,-0.6843512428163679
3.4693877551020407,7.95918367346939,0.0,-0.6355351255640875
3.8775510204081627,7.95918367346939,0.0,-0.6117608079341267
4.2857142857142865,7.95918367346939,0.0,-0.6064788654428196
4.6938775510204085,7.95918367346939,0.0,-0.6066939996978111
5.1020408163265305,7.95918367346939,0.0,-0.5947444014873635
5.510204081632654,7.95918367346939,0.0,-0.5517237427563229
5.918367346938776,7.95918367346939,0.0,-0.4626210520445214
6.326530612244898,7.95918367346939,0.0,-0.32223094779112266
6.73469387755102,7.95918367346939,0.0,-0.13977386335763362
7.142857142857142,7.95918367346939,0.0,0.060326648261570866
7.551020408163264,7.95918367346939,0.0,0.2432976745321546
7.95918367346939,7.95918367346939,0.0,0.37417569837645137
8.367346938775512,7.95918367346939,0.0,0.4302081190618815
8.775510204081634,7.95918367346939,0.0,0.4104425346088941
9.183673469387756,7.95918367346939,0.0,0.3375518654136906
9.591836734693878,7.95918367346939,0.0,0.24966001423468312
10.0,7.95918367346939,0.0,0.18442704470080595
-10.0,8.367346938775512,0.0,0.670109973282315
-9.591836734693878,8.367346938775512,0.0,0.5554001735686779
-9.183673469387756,8.367346938775512,0.0,0.27660938728061063
-8.775510204081632,8.367346938775512,0.0,-0.08362225877182705
-8.36734693877551,8.367346938775512,0.0,-0.4139369401978514
-7.959183673469388,8.367346938775512,0.0,-0.6174666495809022
-7.551020408163265,8.367346938775512,0.0,-0.6485327704417285
-7.142857142857142,8.367346938775512,0.0,-0.5277239116866084
-6.73469387755102,8.367346938775512,0.0,-0.32989911388154447
-6.326530612244898,8.367346938775512,0.0,-0.1512598353252883
-5.918367346938775,8.367346938775512,0.0,-0.07002387470127518
-5.5102040816326525,8.367346938775512,0.0,-0.11698654612770812
-5.1020408163265305,8.367346938775512,0.0,-0.2670644121144358
-4.6938775510204085,8.367346938775512,0.0,-0.4535162500109686
-4.285714285714286,8.367346938775512,0.0,-0.597248171114131
-3.8775510204081627,8.367346938775512,0.0,-0.6383167760767898
-3.4693877551020407,8.367346938775512,0.0,-0.5572357711887723
-3.0612244897959187,8.367346938775512,0.0,-0.37910818314396144
-2.6530612244897958,8.367346938775512,0.0,-0.16111487608757377
-2.244897959183673,8.367346938775512,0.0,0.029849725091936508
-1.8367346938775508,8.367346938775512,0.0,0.13993591101462735
-1.4285714285714288,8.367346938775512,0.0,0.14344675727433492
-1.020408163265305,8.367346938775512,0.0,0.046470545491767976
-0.612244897959183,8.367346938775512,0.0,-0.11996254257449526
-0.204081632653061,8.367346938775512,0.0,-0.3127779779396125
0.204081632653061,8.367346938775512,0.0,-0.4903757750337718
0.612244897959183,8.367346938775512,0.0,-0.6225304600370573
1.0204081632653068,8.367346938775512,0.0,-0.6947844950385221
1.4285714285714288,8.367346938775512,0.0,-0.7077365205750723
1.8367346938775508,8.367346938775512,0.0,-0.6730180386138859
2.2448979591836746,8.367346938775512,0.0,-0.6080423806437945
2.6530612244897966,8.367346938775512,0.0,-0.5311050229607539
3.0612244897959187,8.367346938775512,0.0,-0.4576274485226772
3.4693877551020407,8.367346938775512,0.0,-0.3976975732852359
3.8775510204081627,8.367346938775512,0.0,-0.3547702888274055
4.2857142857142865,8.367346938775512,0.0,-0.3254283732078691
4.6938775510204085,8.367346938775512,0.0,-0.30029443536334127
5.1020408163265305,8.367346938775512,0.0,-0.2662963745611711
5.510204081632654,8.367346938775512,0.0,-0.21032036355159536
5.918367346938776,8.367346938775512,0.0,-0.12376812564553337
6.326530612244898,8.367346938775512,0.0,-0.006824274867304855
6.73469387755102,8.367346938775512,0.0,0.12928228220051696
7.142857142857142,8.367346938775512,0.0,0.2636081122092639
7.551020408163264,8.367346938775512,0.0,0.3709522705153728
7.95918367346939,8.367346938775512,0.0,0.4302081190618815
8.367346938775512,8.367346938775512,0.0,0.4326156785153844
8.775510204081634,8.367346938775512,0.0,0.3861564900208922
9.183673469387756,8.367346938775512,0.0,0.31330422946339687
9.591836734693878,8.367346938775512,0.0,0.24201307038649028
10.0,8.367346938775512,0.0,0.19318535846390555
-10.0,8.775510204081634,0.0,0.7404309824014859
-9.591836734693878,8.775510204081634,0.0,0.7570779829806814
-9.183673469387756,8.775510204081634,0.0,0.5818763834756233
-8.775510204081632,8.775510204081634,0.0,0.2687022856751239
-8.36734693877551,8.775510204081634,0.0,-0.08362225877182694
-7.959183673469388,8.775510204081634,0.0,-0.3692484833910281
-7.551020408163265,8.775510204081634,0.0,-0.5147821122876631
-7.142857142857142,8.775510204081634,0.0,-0.5043957283411795
-6.73469387755102,8.775510204081634,0.0,-0.38125930164184646
-6.326530612244898,8.775510204081634,0.0,-0.22612320264167535
-5.918367346938775,8.775510204081634,0.0,-0.12304749422099256
-5.5102040816326525,8.775510204081634,0.0,-0.12666715776628312
-5.1020408163265305,8.775510204081634,0.0,-0.24356610771585024
-4.6938775510204085,8.775510204081634,0.0,-0.4336102312301371
-4.285714285714286,8.775510204081634,0.0,-0.6287054545855388
-3.8775510204081627,8.775510204081634,0.0,-0.7599975710402895
-3.4693877551020407,8.775510204081634,0.0,-0.7823951994010383
-3.0612244897959187,8.775510204081634,0.0,-0.6877757094632355
-2.6530612244897958,8.775510204081634,0.0,-0.5036917474044931
-2.244897959183673,8.775510204081634,0.0,-0.28022339681888525
-1.8367346938775508,8.775510204081634,0.0,-0.07147323859075203
-1.4285714285714288,8.775510204081634,0.0,0.08106738623025489
-1.020408163265305,8.775510204081634,0.0,0.1581257833104821
-0.612244897959183,8.775510204081634,0.0,0.16358068672404924
-0.204081632653061,8.775510204081634,0.0,0.11836961172270102
0.204081632653061,8.775510204081634,0.0,0.05092863913274646
0.612244897959183,8.775510204081634,0.0,-0.012099711653204503
1.0204081632653068,8.775510204081634,0.0,-0.052286536168872716
1.4285714285714288,8.775510204081634,0.0,-0.061999053114311836
1.8367346938775508,8.775510204081634,0.0,-0.04358189965843769
2.2448979591836746,8.775510204081634,0.0,-0.006338594381449853
2.6530612244897966,8.775510204081634,0.0,0.03736732906288255
3.0612244897959187,8.775510204081634,0.0,0.07585833939757669
3.4693877551020407,8.775510204081634,0.0,0.1010960792749231
3.8775510204081627,8.775510204081634,0.0,0.11049893673885339
4.2857142857142865,8.775510204081634,0.0,0.10743163632465236
4.6938775510204085,8.775510204081634,0.0,0.10025466581265152
5.1020408163265305,8.775510204081634,0.0,0.09996350917058189
5.510204081632654,8.775510204081634,0.0,0.11674888598091125
5.918367346938776,8.775510204081634,0.0,0.15624985648727144
6.326530612244898,8.775510204081634,0.0,0.21667845612864195
6.73469387755102,8.775510204081634,0.0,0.28808786359039
7.142857142857142,8.775510204081634,0.0,0.35459215769479024
7.551020408163264,8.775510204081634,0.0,0.3993024492939307
7.95918367346939,8.775510204081634,0.0,0.4104425346088941
8.367346938775512,8.775510204081634,0.0,0.3861564900208922
8.775510204081634,8.775510204081634,0.0,0.33555546859593316
9.183673469387756,8.775510204081634,0.0,0.2748574398514886
9.591836734693878,8.775510204081634,0.0,0.21970666485845602
10.0,8.775510204081634,0.0,0.17695598508991275
-10.0,9.183673469387756,0.0,0.6509278422374914
-9.591836734693878,9.183673469387756,0.0,0.8145243093442731
-9.183673469387756,9.183673469387756,0.0,0.7856927982696778
-8.775510204081632,9.183673469387756,0.0,0.5818763834756226
-8.36734693877551,9.183673469387756,0.0,0.2766093872806075
-7.959183673469388,9.183673469387756,0.0,-0.02950437938638678
-7.551020408163265,9.183673469387756,0.0,-0.24668072193695753
-7.142857142857142,9.183673469387756,0.0,-0.3275089583238396
-6.73469387755102,9.183673469387756,0.0,-0.2803618742173307
-6.326530612244898,9.183673469387756,0.0,-0.16081249872096548
-5.918367346938775,9.183673469387756,0.0,-0.046112721603567886
-5.5102040816326525,9.183673469387756,0.0,-0.003919689132816928
-5.1020408163265305,9.183673469387756,0.0,-0.0675867736546467
-4.6938775510204085,9.183673469387756,0.0,-0.22652610779237978
-4.285714285714286,9.183673469387756,0.0,-0.43347632146796
-3.8775510204081627,9.183673469387756,0.0,-0.6239664257530423
-3.4693877551020407,9.183673469387756,0.0,-0.7394077273124593
-3.0612244897959187,9.183673469387756,0.0,-0.7451868531636945
-2.6530612244897958,9.183673469387756,0.0,-0.6383049074841635
-2.244897959183673,9.183673469387756,0.0,-0.443752068745338
-1.8367346938775508,9.183673469387756,0.0,-0.20289248611692212
-1.4285714285714288,9.183673469387756,0.0,0.04076987458333012
-1.020408163265305,9.183673469387756,0.0,0.25333703198263297
-0.612244897959183,9.183673469387756,0.0,0.4166681573775379
-0.204081632653061,9.183673469387756,0.0,0.5284250852090941
0.204081632653061,9.183673469387756,0.0,0.5976034518438231
0.612244897959183,9.183673469387756,0.0,0.6381359402786391
1.0204081632653068,9.183673469387756,0.0,0.6630142511114278
1.4285714285714288,9.183673469387756,0.0,0.680499689152158
1.8367346938775508,9.183673469387756,0.0,0.6929141364570328
2.2448979591836746,9.183673469387756,0.0,0.6976422576489341
2.6530612244897966,9.183673469387756,0.0,0.6895139054600801
3.0612244897959187,9.183673469387756,0.0,0.663640246613153
3.4693877551020407,9.183673469387756,0.0,0.6179060451747977
3.8775510204081627,9.183673469387756,0.0,0.5545339550375156
4.2857142857142865,9.183673469387756,0.0,0.48036294129226065
4.6938775510204085,9.183673469387756,0.0,0.4057240951792508
5.1020408163265305,9.183673469387756,0.0,0.3420872395217486
5.510204081632654,9.183673469387756,0.0,0.2989962174782994
5.918367346938776,9.183673469387756,0.0,0.28113904249253063
6.326530612244898,9.183673469387756,0.0,0.28656219120640664
6.73469387755102,9.183673469387756,0.0,0.3068684362932928
7.142857142857142,9.183673469387756,0.0,0.3296559757795974
7.551020408163264,9.183673469387756,0.0,0.3425772899501123
7.95918367346939,9.183673469387756,0.0,0.3375518654136906
8.367346938775512,9.183673469387756,0.0,0.31330422946339687
8.775510204081634,9.183673469387756,0.0,0.2748574398514886
9.183673469387756,9.183673469387756,0.0,0.22988694068951826
9.591836734693878,9.183673469387756,0.0,0.18346825746193549
10.0,9.183673469387756,0.0,0.1339406790780479
-10.0,9.591836734693878,0.0,0.4001072498528613
-9.591836734693878,9.591836734693878,0.0,0.6885954680208364
-9.183673469387756,9.591836734693878,0.0,0.8145243093442731
-8.775510204081632,9.591836734693878,0.0,0.7570779829806797
-8.36734693877551,9.591836734693878,0.0,0.555400173568677
-7.959183673469388,9.591836734693878,0.0,0.29113458297950345
-7.551020408163265,9.591836734693878,0.0,0.056447266203596885
-7.142857142857142,9.591836734693878,0.0,-0.07946840746401013
-6.73469387755102,9.591836734693878,0.0,-0.09271436430224678
-6.326530612244898,9.591836734693878,0.0,-0.008439776391641701
-5.918367346938775,9.591836734693878,0.0,0.11365704319264902
-5.5102040816326525,9.591836734693878,0.0,0.20491333150569663
-5.1020408163265305,9.591836734693878,0.0,0.21384907819561874
-4.6938775510204085,9.591836734693878,0.0,0.12338595480330662
-4.285714285714286,9.591836734693878,0.0,-0.045879479226467755
-3.8775510204081627,9.591836734693878,0.0,-0.2456421429775416
-3.4693877551020407,9.591836734693878,0.0,-0.4177812679658288
-3.0612244897959187,9.591836734693878,0.0,-0.5129407444661093
-2.6530612244897958,9.591836734693878,0.0,-0.5035775077314975
-2.244897959183673,9.591836734693878,0.0,-0.3883054146255249
-1.8367346938775508,9.591836734693878,0.0,-0.18791724659794398
-1.4285714285714288,9.591836734693878,0.0,0.06387270053958527
-1.020408163265305,9.591836734693878,0.0,0.33092014320422536
-0.612244897959183,9.591836734693878,0.0,0.5829506444156968
-0.204081632653061,9.591836734693878,0.0,0.7998548788926945
0.204081632653061,9.591836734693878,0.0,0.9719419810824055
0.612244897959183,9.591836734693878,0.0,1.0973912443743141
1.0204081632653068,9.591836734693878,0.0,1.1786342437218682
1.4285714285714288,9.591836734693878,0.0,1.2191851963994387
1.8367346938775508,9.591836734693878,0.0,1.2218155235432484
2.2448979591836746,9.591836734693878,0.0,1.1882709118414534
2.6530612244897966,9.591836734693878,0.0,1.1201888138009588
3.0612244897959187,9.591836734693878,0.0,1.0205837012845762
3.4693877551020407,9.591836734693878,0.0,0.8952100145226614
3.8775510204081627,9.591836734693878,0.0,0.753225087656986
4.2857142857142865,9.591836734693878,0.0,0.6067961222608875
4.6938775510204085,9.591836734693878,0.0,0.46958680486484716
5.1020408163265305,9.591836734693878,0.0,0.3543871641028719
5.510204081632654,9.591836734693878,0.0,0.2704609189365365
5.918367346938776,9.591836734693878,0.0,0.22138843927709048
6.326530612244898,9.591836734693878,0.0,0.2041723535973067
6.73469387755102,9.591836734693878,0.0,0.21007233374236348
7.142857142857142,9.591836734693878,0.0,0.2270723186152192
7.551020408163264,9.591836734693878,0.0,0.24322623431290666
7.95918367346939,9.591836734693878,0.0,0.24966001423468312
8.367346938775512,9.591836734693878,0.0,0.24201307038649028
8.775510204081634,9.591836734693878,0.0,0.21970666485845602
9.183673469387756,9.591836734693878,0.0,0.18346825746193549
9.591836734693878,9.591836734693878,0.0,0.1325688262692852
10.0,9.591836734693878,0.0,0.06367153015374853
-10.0,10.0,0.0,0.04216110676408924
-9.591836734693878,10.0,0.0,0.4001072498528613
-9.183673469387756,10.0,0.0,0.6509278422374914
-8.775510204081632,10.0,0.0,0.7404309824014847
-8.36734693877551,10.0,0.0,0.670109973282314
-7.959183673469388,10.0,0.0,0.49235988509108936
-7.551020408163265,10.0,0.0,0.28788232678336906
-7.142857142857142,10.0,0.0,0.1349050146239296
-6.73469387755102,10.0,0.0,0.08214915283706489
-6.326530612244898,10.0,0.0,0.13499960823027854
-5.918367346938775,10.0,0.0,0.2585063292342429
-5.5102040816326525,10.0,0.0,0.39428708316474004
-5.1020408163265305,10.0,0.0,0.4837146154572384
-4.6938775510204085,10.0,0.0,0.4884996586337511
-4.285714285714286,10.0,0.0,0.40193232756589115
-3.8775510204081627,10.0,0.0,0.24830498962600228
-3.4693877551020407,10.0,0.0,0.07249536489195432
-3.0612244897959187,10.0,0.0,-0.07532693197085542
-2.6530612244897958,10.0,0.0,-0.15420592298443936
-2.244897959183673,10.0,0.0,-0.14183626024972334
-1.8367346938775508,10.0,0.0,-0.03718859997298235
-1.4285714285714288,10.0,0.0,0.14288193241166708
-1.020408163265305,10.0,0.0,0.3705975734740723
-0.612244897959183,10.0,0.0,0.6149240774836061
-0.204081632653061,10.0,0.0,0.847700674077422
0.204081632653061,10.0,0.0,1.0471537875859955
0.612244897959183,10.0,0.0,1.1988579323813173
1.0204081632653068,10.0,0.0,1.2949549788688688
1.4285714285714288,10.0,0.0,1.332673482280891
1.8367346938775508,10.0,0.0,1.3129975127250093
2.2448979591836746,10.0,0.0,1.239922213711295
2.6530612244897966,10.0,0.0,1.1203039246115625
3.0612244897959187,10.0,0.0,0.9640032994472854
3.4693877551020407,10.0,0.0,0.7838875607665415
3.8775510204081627,10.0,0.0,0.5952991910089337
4.2857142857142865,10.0,0.0,0.414776046056677
4.6938775510204085,10.0,0.0,0.25806942753037154
5.1020408163265305,10.0,0.0,0.13778755226081946
5.510204081632654,10.0,0.0,0.06121446734052183
5.918367346938776,10.0,0.0,0.028935235038070273
6.326530612244898,10.0,0.0,0.034772245606529695
6.73469387755102,10.0,0.0,0.06719646389905495
7.142857142857142,10.0,0.0,0.11190193848059518
7.551020408163264,10.0,0.0,0.15479180010987825
7.95918367346939,10.0,0.0,0.18442704470080595
8.367346938775512,10.0,0.0,0.19318535846390555
8.775510204081634,10.0,0.0,0.17695598508991275
9.183673469387756,10.0,0.0,0.13394067907804788
9.591836734693878,10.0,0.0,0.06367153015374853
10.0,10.0,0.0,-0.03266276512102376
