X_Wave,Y_Wave,Z_Wave,Scalar_Value
-5.0,-5.0,0.20049625055173417,-0.19340822148507647
-4.7727272727272725,-5.0,0.17024106022826394,-0.21399218631823835
-4.545454545454546,-5.0,0.13512919055449477,-0.23541352305740149
-4.318181818181818,-5.0,0.09619898181313855,-0.2574893488904649
-4.090909090909091,-5.0,0.05454689931379276,-0.28000425795656186
-3.8636363636363638,-5.0,0.01128149211276207,-0.3027122475964436
-3.6363636363636367,-5.0,-0.032520447016547674,-0.32533988035756006
-3.409090909090909,-5.0,-0.07585352619178481,-0.34759071807992015
-3.1818181818181817,-5.0,-0.11781747872045314,-0.3691510109870305
-2.9545454545454546,-5.0,-0.15764359172511597,-0.3896965631532048
-2.7272727272727275,-5.0,-0.19471287487537697,-0.40890062790664733
-2.5,-5.0,-0.22856545626592412,-0.42644261546327616
-2.272727272727273,-5.0,-0.2589011605480669,-0.4420173242264242
-2.0454545454545454,-5.0,-0.28557168536892397,-0.45534434172159516
-1.8181818181818183,-5.0,-0.30856522263979586,-0.4661772071375377
-1.5909090909090908,-5.0,-0.32798474952303824,-0.4743118918056685
-1.3636363636363638,-5.0,-0.34402152148593607,-0.4795941437910239
-1.1363636363636367,-5.0,-0.3569255212522521,-0.48192526448281126
-0.9090909090909092,-5.0,-0.36697474239904715,-0.4812659430268511
-0.6818181818181817,-5.0,-0.3744452091028707,-0.4776378695095271
-0.45454545454545503,-5.0,-0.37958355379551106,-0.4711229760748377
-0.22727272727272751,-5.0,-0.3825837971581838,-0.46186030727567534
0.0,-5.0,-0.3835697098652554,-0.4500406825171046
0.22727272727272751,-5.0,-0.3825837971581838,-0.435899466669082
0.45454545454545414,-5.0,-0.37958355379551106,-0.41970789151367915
0.6818181818181817,-5.0,-0.3744452091028707,-0.40176345524771434
0.9090909090909092,-5.0,-0.36697474239904715,-0.3823799603822956
1.1363636363636358,-5.0,-0.3569255212522521,-0.3618777305389797
1.3636363636363633,-5.0,-0.34402152148593607,-0.340574480273018
1.5909090909090908,-5.0,-0.32798474952303824,-0.31877721184084606
1.8181818181818183,-5.0,-0.30856522263979586,-0.2967753947518092
2.045454545454545,-5.0,-0.2855716853689243,-0.2748355639868393
2.2727272727272725,-5.0,-0.2589011605480669,-0.2531973641633121
2.5,-5.0,-0.22856545626592412,-0.23207097851937858
2.7272727272727266,-5.0,-0.19471287487537728,-0.2116358174496669
2.954545454545454,-5.0,-0.15764359172511627,-0.19204030137118558
3.1818181818181817,-5.0,-0.11781747872045314,-0.17340255393511547
3.4090909090909083,-5.0,-0.07585352619178481,-0.15581181946922668
3.6363636363636367,-5.0,-0.032520447016547674,-0.13933042809530755
3.8636363636363633,-5.0,0.01128149211276207,-0.12399614871195419
4.09090909090909,-5.0,0.05454689931379276,-0.10982479034112652
4.318181818181818,-5.0,0.09619898181313855,-0.09681293359412547
4.545454545454545,-5.0,0.13512919055449454,-0.0849406945404771
4.772727272727272,-5.0,0.17024106022826377,-0.0741744421330834
5.0,-5.0,0.20049625055173417,-0.06446940716169215
-5.0,-4.7727272727272725,0.17024106022826394,-0.2182577563587442
-4.7727272727272725,-4.7727272727272725,0.13326206676813088,-0.24150991554238474
-4.545454545454546,-4.7727272727272725,0.09191148798816023,-0.26570735731338785
-4.318181818181818,-4.7727272727272725,0.04738492721182554,-0.2906416562528705
-4.090909090909091,-4.7727272727272725,0.0009124097220548991,-0.31606702745504833
-3.8636363636363638,-4.7727272727272725,-0.04629257313877436,-0.3417024481554205
-3.6363636363636367,-4.7727272727272725,-0.09308072160737346,-0.3672352051626318
-3.409090909090909,-4.7727272727272725,-0.1384091344273347,-0.3923259214418177
-3.1818181818181817,-4.7727272727272725,-0.18137623158380767,-0.4166150555008278
-2.9545454545454546,-4.7727272727272725,-0.2212479633700129,-0.43973079710297625
-2.7272727272727275,-4.7727272727272725,-0.2574743445141784,-0.46129820388870346
-2.5,-4.7727272727272725,-0.28969586064231273,-0.4809493383990004
-2.272727272727273,-4.7727272727272725,-0.3177398175670214,-0.498334077746325
-2.0454545454545454,-4.7727272727272725,-0.3416072155506039,-0.513131184356038
-1.8181818181818183,-4.7727272727272725,-0.3614512053133162,-0.5250591531287486
-1.5909090909090908,-4.7727272727272725,-0.3775485966676223,-0.533886297005538
-1.3636363636363638,-4.7727272727272725,-0.3902662239333577,-0.5394395092646466
-1.1363636363636367,-4.7727272727272725,-0.4000242085528644,-0.5416111568139073
-0.9090909090909092,-4.7727272727272725,-0.40725828734151087,-0.5403636221415123
-0.6818181818181817,-4.7727272727272725,-0.4123833888182014,-0.5357311259710809
-0.45454545454545503,-4.7727272727272725,-0.41576054005172847,-0.5278186248609176
-0.22727272727272751,-4.7727272727272725,-0.41766897815539894,-0.5167977765476758
0.0,-4.7727272727272725,-0.41828503512336357,-0.5029001810952969
0.22727272727272751,-4.7727272727272725,-0.41766897815539894,-0.48640831222571357
0.45454545454545414,-4.7727272727272725,-0.41576054005172847,-0.4676447233187631
0.6818181818181817,-4.7727272727272725,-0.4123833888182014,-0.44696022318056416
0.9090909090909092,-4.7727272727272725,-0.40725828734151087,-0.4247217536904016
1.1363636363636358,-4.7727272727272725,-0.4000242085528644,-0.40130066313935775
1.3636363636363633,-4.7727272727272725,-0.3902662239333577,-0.3770619662543155
1.5909090909090908,-4.7727272727272725,-0.3775485966676223,-0.3523550348175689
1.8181818181818183,-4.7727272727272725,-0.3614512053133162,-0.3275059961179477
2.045454545454545,-4.7727272727272725,-0.3416072155506039,-0.3028119538489443
2.2727272727272725,-4.7727272727272725,-0.3177398175670214,-0.2785370058540352
2.5,-4.7727272727272725,-0.28969586064231273,-0.2549099261798311
2.7272727272727266,-4.7727272727272725,-0.25747434451417867,-0.232123308585475
2.954545454545454,-4.7727272727272725,-0.22124796337001323,-0.21033393234069359
3.1818181818181817,-4.7727272727272725,-0.18137623158380767,-0.18966410247924204
3.4090909090909083,-4.7727272727272725,-0.1384091344273347,-0.17020372783644733
3.6363636363636367,-4.7727272727272725,-0.09308072160737346,-0.1520129236144219
3.8636363636363633,-4.7727272727272725,-0.04629257313877436,-0.13512495459882073
4.09090909090909,-4.7727272727272725,0.0009124097220548991,-0.11954936590881973
4.318181818181818,-4.7727272727272725,0.04738492721182554,-0.10527517737073323
4.545454545454545,-4.7727272727272725,0.09191148798815976,-0.09227404370915664
4.772727272727272,-4.7727272727272725,0.13326206676813063,-0.08050330518079496
5.0,-4.7727272727272725,0.17024106022826394,-0.0699088720925775
-5.0,-4.545454545454546,0.13512919055449477,-0.24511780333941632
-4.7727272727272725,-4.545454545454546,0.09191148798816023,-0.2712647442204287
-4.545454545454546,-4.545454545454546,0.044973398434962834,-0.29847536195158875
-4.318181818181818,-4.545454545454546,-0.004334413723146344,-0.32651337250300366
-4.090909090909091,-4.545454545454546,-0.05465449686637615,-0.3550997180899409
-3.8636363636363638,-4.545454545454546,-0.10467846378221118,-0.3839148636995159
-3.6363636363636367,-4.545454545454546,-0.15319834571069918,-0.41260272850082713
-3.409090909090909,-4.545454545454546,-0.19915113948473612,-0.44077632832182495
-3.1818181818181817,-4.545454545454546,-0.2416546099295855,-0.4680251400110567
-2.9545454545454546,-4.545454545454546,-0.28003287089775436,-0.49392412005887254
-2.7272727272727275,-4.545454545454546,-0.3138307961229858,-0.5180442193675285
-2.5,-4.545454545454546,-0.34281687920757237,-0.5399641356692154
-2.272727272727273,-4.545454545454546,-0.366974742399047,-0.5592829384986714
-2.0454545454545454,-4.545454545454546,-0.3864840577897563,-0.5756330946550492
-1.8181818181818183,-4.545454545454546,-0.4016921645402555,-0.5886933231926559
-1.5909090909090908,-4.545454545454546,-0.41307811631601155,-0.598200629499076
-1.3636363636363638,-4.545454545454546,-0.4212112524778726,-0.6039608218111036
-1.1363636363636367,-4.545454545454546,-0.4267066373920131,-0.6058568156307249
-0.9090909090909092,-4.545454545454546,-0.43017984264275955,-0.6038540956070537
-0.6818181818181817,-4.545454545454546,-0.43220355103693314,-0.5980028391466248
-0.45454545454545503,-4.545454545454546,-0.43326833943120036,-0.5884364106636425
-0.22727272727272751,-4.545454545454546,-0.43374975617136996,-0.5753661967323559
0.0,-4.545454545454546,-0.43388346077600903,-0.5590730436429768
0.22727272727272751,-4.545454545454546,-0.43374975617136996,-0.5398958424066284
0.45454545454545414,-4.545454545454546,-0.43326833943120036,-0.5182180405034406
0.6818181818181817,-4.545454545454546,-0.43220355103693314,-0.4944530083244778
0.9090909090909092,-4.545454545454546,-0.43017984264275955,-0.4690292294029886
1.1363636363636358,-4.545454545454546,-0.42670663739201314,-0.4423762152663493
1.3636363636363633,-4.545454545454546,-0.4212112524778726,-0.41491188629907694
1.5909090909090908,-4.545454545454546,-0.41307811631601155,-0.3870319423115517
1.8181818181818183,-4.545454545454546,-0.4016921645402555,-0.35910150928317025
2.045454545454545,-4.545454545454546,-0.3864840577897563,-0.3314491273523824
2.2727272727272725,-4.545454545454546,-0.366974742399047,-0.3043629649104746
2.5,-4.545454545454546,-0.34281687920757237,-0.27808901723472423
2.7272727272727266,-4.545454545454546,-0.31383079612298603,-0.2528309763067268
2.954545454545454,-4.545454545454546,-0.28003287089775436,-0.22875143369311945
3.1818181818181817,-4.545454545454546,-0.2416546099295855,-0.2059740886449953
3.4090909090909083,-4.545454545454546,-0.19915113948473642,-0.18458666613257707
3.6363636363636367,-4.545454545454546,-0.15319834571069918,-0.1646442932223526
3.8636363636363633,-4.545454545454546,-0.10467846378221118,-0.14617312865233686
4.09090909090909,-4.545454545454546,-0.05465449686637615,-0.1291740842544737
4.318181818181818,-4.545454545454546,-0.004334413723146344,-0.1136265151410103
4.545454545454545,-4.545454545454546,0.044973398434962564,-0.0994917873171963
4.772727272727272,-4.545454545454546,0.09191148798815976,-0.08671665680211581
5.0,-4.545454545454546,0.13512919055449477,-0.07523641425846221
-5.0,-4.318181818181818,0.09619898181313855,-0.27396407483642066
-4.7727272727272725,-4.318181818181818,0.04738492721182554,-0.3032335941825351
-4.545454545454546,-4.318181818181818,-0.004334413723146344,-0.33369645896301725
-4.318181818181818,-4.318181818181818,-0.05745739609009813,-0.3650862660107006
-4.090909090909091,-4.318181818181818,-0.11050698072460438,-0.3970878038523
-3.8636363636363638,-4.318181818181818,-0.16209142291804737,-0.42933948659671417
-3.6363636363636367,-4.318181818181818,-0.21095917029532563,-0.4614376489694094
-3.409090909090909,-4.318181818181818,-0.2560455061173196,-0.49294280848969246
-3.1818181818181817,-4.318181818181818,-0.2965089007046729,-0.5233879311201679
-2.9545454545454546,-4.318181818181818,-0.3317555544330693,-0.5522886510978212
-2.7272727272727275,-4.318181818181818,-0.361451205313316,-0.5791552941349655
-2.5,-4.318181818181818,-0.38551990379150936,-0.6035064367843619
-2.272727272727273,-4.318181818181818,-0.4041300964866085,-0.62488360619015
-2.0454545454545454,-4.318181818181818,-0.41766897815539883,-0.6428665890093752
-1.8181818181818183,-4.318181818181818,-0.42670663739201314,-0.6570886850339492
-1.5909090909090908,-4.318181818181818,-0.43195200914728765,-0.6672511237095288
-1.3636363636363638,-4.318181818181818,-0.4342030326851928,-0.6731357790383669
-1.1363636363636367,-4.318181818181818,-0.4342936786753685,-0.6746152927794494
-0.9090909090909092,-4.318181818181818,-0.43304064123520547,-0.6716597704698979
-0.6818181818181817,-4.318181818181818,-0.4311924838506371,-0.6643393675417627
-0.45454545454545503,-4.318181818181818,-0.429383882961596,-0.6528223393028206
-0.22727272727272751,-4.318181818181818,-0.4280973370643983,-0.6373684751873304
0.0,-4.318181818181818,-0.427634316288533,-0.618318238241373
0.22727272727272751,-4.318181818181818,-0.4280973370643983,-0.5960783294099359
0.45454545454545414,-4.318181818181818,-0.429383882961596,-0.5711047277739004
0.6818181818181817,-4.318181818181818,-0.4311924838506371,-0.5438844641123031
0.9090909090909092,-4.318181818181818,-0.43304064123520547,-0.5149174306701934
1.1363636363636358,-4.318181818181818,-0.4342936786753685,-0.48469941269684585
1.3636363636363633,-4.318181818181818,-0.4342030326851928,-0.45370727847311754
1.5909090909090908,-4.318181818181818,-0.43195200914728765,-0.4223869387705333
1.8181818181818183,-4.318181818181818,-0.42670663739201314,-0.39114434586312524
2.045454545454545,-4.318181818181818,-0.41766897815539894,-0.3603394997640141
2.2727272727272725,-4.318181818181818,-0.4041300964866085,-0.33028319988705185
2.5,-4.318181818181818,-0.38551990379150936,-0.30123613673592164
2.7272727272727266,-4.318181818181818,-0.3614512053133162,-0.2734098551117306
2.954545454545454,-4.318181818181818,-0.3317555544330693,-0.24696912084618614
3.1818181818181817,-4.318181818181818,-0.2965089007046729,-0.22203526604043017
3.4090909090909083,-4.318181818181818,-0.25604550611731985,-0.1986901532299292
3.6363636363636367,-4.318181818181818,-0.21095917029532563,-0.17698047109628626
3.8636363636363633,-4.318181818181818,-0.16209142291804737,-0.15692214284649134
4.09090909090909,-4.318181818181818,-0.11050698072460438,-0.13850468749891615
4.318181818181818,-4.318181818181818,-0.05745739609009813,-0.12169542200356687
4.545454545454545,-4.318181818181818,-0.004334413723146627,-0.10644342868099674
4.772727272727272,-4.318181818181818,0.047384927211825266,-0.0926832394410687
5.0,-4.318181818181818,0.09619898181313855,-0.08033820764816968
-5.0,-4.090909090909091,0.05454689931379276,-0.3047393144899707
-4.7727272727272725,-4.090909090909091,0.0009124097220548991,-0.3373575625907538
-4.545454545454546,-4.090909090909091,-0.05465449686637615,-0.37131098542668095
-4.318181818181818,-4.090909090909091,-0.11050698072460438,-0.4063009331745242
-4.090909090909091,-4.090909090909091,-0.1650577011486052,-0.44197325596098863
-3.8636363636363638,-4.090909090909091,-0.21684424587208526,-0.4779208161046994
-3.6363636363636367,-4.090909090909091,-0.2645873929399491,-0.513688101187377
-3.409090909090909,-4.090909090909091,-0.3072395902592648,-0.5487780817167668
-3.1818181818181817,-4.090909090909091,-0.34402152148593607,-0.5826613855185171
-2.9545454545454546,-4.090909090909091,-0.3744452091028707,-0.6147877706240796
-2.7272727272727275,-4.090909090909091,-0.3983227585743635,-0.644599767896033
-2.5,-4.090909090909091,-0.41576054005172847,-0.671548233083063
-2.272727272727273,-4.090909090909091,-0.4271393031361789,-0.6951093959836913
-2.0454545454545454,-4.090909090909091,-0.4330813922860184,-0.714802825358639
-1.8181818181818183,-4.090909090909091,-0.4344068435204367,-0.7302095504813544
-1.5909090909090908,-4.090909090909091,-0.43208066791168914,-0.7409894091735881
-1.3636363636363638,-4.090909090909091,-0.42715403901240606,-0.7468965520352173
-1.1363636363636367,-4.090909090909091,-0.42070238031968504,-0.7477919561456672
-0.9090909090909092,-4.090909090909091,-0.41376348199190904,-0.7436518266007884
-0.6818181818181817,-4.090909090909091,-0.4072787571691974,-0.7345709255283679
-0.45454545454545503,-4.090909090909091,-0.40204057855894426,-0.7207601849257863
-0.22727272727272751,-4.090909090909091,-0.3986483238252157,-0.7025384220743992
0.0,-4.090909090909091,-0.3974753189884727,-0.6803185366699442
0.22727272727272751,-4.090909090909091,-0.3986483238252157,-0.6545891430941657
0.45454545454545414,-4.090909090909091,-0.40204057855894426,-0.625893075105217
0.6818181818181817,-4.090909090909091,-0.4072787571691974,-0.5948044968407387
0.9090909090909092,-4.090909090909091,-0.41376348199190904,-0.5619064040953253
1.1363636363636358,-4.090909090909091,-0.42070238031968504,-0.5277701010448477
1.3636363636363633,-4.090909090909091,-0.42715403901240606,-0.4929378447687734
1.5909090909090908,-4.090909090909091,-0.43208066791168914,-0.45790935576455255
1.8181818181818183,-4.090909090909091,-0.4344068435204367,-0.42313239799051366
2.045454545454545,-4.090909090909091,-0.4330813922860184,-0.3889972181818244
2.2727272727272725,-4.090909090909091,-0.427139303136179,-0.3558343472161932
2.5,-4.090909090909091,-0.41576054005172847,-0.32391511509661747
2.7272727272727266,-4.090909090909091,-0.39832275857436367,-0.29345419667889544
2.954545454545454,-4.090909090909091,-0.3744452091028707,-0.2646135541331619
3.1818181818181817,-4.090909090909091,-0.34402152148593607,-0.23750723854552488
3.4090909090909083,-4.090909090909091,-0.307239590259265,-0.2122066270119952
3.6363636363636367,-4.090909090909091,-0.2645873929399491,-0.1887457821507405
3.8636363636363633,-4.090909090909091,-0.21684424587208526,-0.1671267163487129
4.09090909090909,-4.090909090909091,-0.1650577011486052,-0.14732441865366291
4.318181818181818,-4.090909090909091,-0.11050698072460438,-0.12929155817669194
4.545454545454545,-4.090909090909091,-0.05465449686637615,-0.1129628169177336
4.772727272727272,-4.090909090909091,0.0009124097220548991,-0.09825883077311433
5.0,-4.090909090909091,0.05454689931379276,-0.08508973380771767
-5.0,-3.8636363636363638,0.01128149211276207,-0.33735034686615306
-4.7727272727272725,-3.8636363636363638,-0.04629257313877436,-0.3735386559759414
-4.545454545454546,-3.8636363636363638,-0.10467846378221118,-0.4112171248282632
-4.318181818181818,-3.8636363636363638,-0.16209142291804737,-0.45005295756809405
-4.090909090909091,-3.8636363636363638,-0.21684424587208526,-0.48965048257541904
-3.8636363636363638,-3.8636363636363638,-0.26741731889043385,-0.5295536581698539
-3.6363636363636367,-3.8636363636363638,-0.3125200424887646,-0.5692509259483223
-3.409090909090909,-3.8636363636363638,-0.3511408779075033,-0.6081826017025186
-3.1818181818181817,-3.8636363636363638,-0.3825837971581838,-0.6457509238084489
-2.9545454545454546,-3.8636363636363638,-0.4064895622084274,-0.6813327880236638
-2.7272727272727275,-3.8636363636363638,-0.4228409765734054,-0.7142950824349172
-2.5,-3.8636363636363638,-0.43195200914728765,-0.7440123931513661
-2.272727272727273,-3.8636363636363638,-0.4344414498590579,-0.7698866770666941
-2.0454545454545454,-3.8636363636363638,-0.4311924838506371,-0.7913682919253856
-1.8181818181818183,-3.8636363636363638,-0.42330023106086706,-0.8079775409683321
-1.5909090909090908,-3.8636363636363638,-0.4120098602213577,-0.81932564442832
-1.3636363636363638,-3.8636363636363638,-0.3986483238252157,-0.8251338222129205
-1.1363636363636367,-3.8636363636363638,-0.3845530530012316,-0.8252490071661799
-0.9090909090909092,-3.8636363636363638,-0.3710010846653954,-0.8196546665448861
-0.6818181818181817,-3.8636363636363638,-0.35914206160120693,-0.8084753545220206
-0.45454545454545503,-3.8636363636363638,-0.3499383508317855,-0.791973997785482
-0.22727272727272751,-3.8636363636363638,-0.34411517612813364,-0.7705415343350951
0.0,-3.8636363636363638,-0.34212317339271264,-0.7446793229724262
0.22727272727272751,-3.8636363636363638,-0.34411517612813364,-0.7149755902809691
0.45454545454545414,-3.8636363636363638,-0.34993835083178537,-0.6820779115850512
0.6818181818181817,-3.8636363636363638,-0.35914206160120693,-0.6466641663731546
0.9090909090909092,-3.8636363636363638,-0.3710010846653954,-0.6094144634757961
1.1363636363636358,-3.8636363636363638,-0.38455305300123144,-0.57098619437263
1.3636363636363633,-3.8636363636363638,-0.3986483238252157,-0.5319937429556444
1.5909090909090908,-3.8636363636363638,-0.4120098602213577,-0.4929936184815355
1.8181818181818183,-3.8636363636363638,-0.42330023106086706,-0.4544750530000279
2.045454545454545,-3.8636363636363638,-0.4311924838506371,-0.41685553972868006
2.2727272727272725,-3.8636363636363638,-0.4344414498590579,-0.38048044213453197
2.5,-3.8636363636363638,-0.43195200914728765,-0.345625669328696
2.7272727272727266,-3.8636363636363638,-0.4228409765734054,-0.3125024448977216
2.954545454545454,-3.8636363636363638,-0.4064895622084274,-0.28126333106310414
3.1818181818181817,-3.8636363636363638,-0.3825837971581838,-0.2520088501363083
3.4090909090909083,-3.8636363636363638,-0.3511408779075035,-0.22479422774323327
3.6363636363636367,-3.8636363636363638,-0.3125200424887646,-0.19963594172039906
3.8636363636363633,-3.8636363636363638,-0.26741731889043385,-0.17651788605661797
4.09090909090909,-3.8636363636363638,-0.21684424587208526,-0.15539704987799327
4.318181818181818,-3.8636363636363638,-0.16209142291804737,-0.13620867187511146
4.545454545454545,-3.8636363636363638,-0.10467846378221148,-0.11887086752358962
4.772727272727272,-3.8636363636363638,-0.04629257313877436,-0.10328874677829991
5.0,-3.8636363636363638,0.01128149211276207,-0.08935804944224472
-5.0,-3.6363636363636367,-0.032520447016547674,-0.3716655823217413
-4.7727272727272725,-3.6363636363636367,-0.09308072160737346,-0.41163698800294873
-4.545454545454546,-3.6363636363636367,-0.15319834571069918,-0.4532678040839425
-4.318181818181818,-3.6363636363636367,-0.21095917029532563,-0.4961895311291341
-4.090909090909091,-3.6363636363636367,-0.2645873929399491,-0.5399627238197993
-3.8636363636363638,-3.6363636363636367,-0.3125200424887646,-0.5840793755547599
-3.6363636363636367,-3.6363636363636367,-0.35347134357270993,-0.627967895152628
-3.409090909090909,-3.6363636363636367,-0.3864840577897563,-0.6710009196973395
-3.1818181818181817,-3.6363636363636367,-0.4109655000469913,-0.712506143880242
-2.9545454545454546,-3.6363636363636367,-0.42670663739201314,-0.7517802609472866
-2.7272727272727275,-3.6363636363636367,-0.43388346077600903,-0.7881059980392772
-2.5,-3.6363636363636367,-0.43304064123520547,-0.8207720818044127
-2.272727272727273,-3.6363636363636367,-0.42505830275293666,-0.8490957797702936
-2.0454545454545454,-3.6363636363636367,-0.41110352632306485,-0.8724474209119415
-1.8181818181818183,-3.6363636363636367,-0.3925689069720951,-0.8902760020576379
-1.5909090909090908,-3.6363636363636367,-0.3710010846653955,-0.9021346443241175
-1.3636363636363638,-3.6363636363636367,-0.34802263308893616,-0.9077043060829287
-1.1363636363636367,-3.6363636363636367,-0.32525099556297354,-0.9068138462377543
-0.9090909090909092,-3.6363636363636367,-0.3042182904693139,-0.8994543560511254
-0.6818181818181817,-3.6363636363636367,-0.28629576326095546,-0.8857857520800391
-0.45454545454545503,-3.6363636363636367,-0.2726264404176205,-0.8661340490651187
-0.22727272727272751,-3.6363636363636367,-0.2640691529134573,-0.8409785532492328
0.0,-3.6363636363636367,-0.2611565609522319,-0.8109293693250442
0.22727272727272751,-3.6363636363636367,-0.2640691529134573,-0.7766969049305874
0.45454545454545414,-3.6363636363636367,-0.2726264404176203,-0.7390561963775961
0.6818181818181817,-3.6363636363636367,-0.28629576326095546,-0.6988095731256864
0.9090909090909092,-3.6363636363636367,-0.3042182904693139,-0.6567512381956101
1.1363636363636358,-3.6363636363636367,-0.32525099556297343,-0.6136367644947497
1.3636363636363633,-3.6363636363636367,-0.34802263308893616,-0.5701594757700919
1.5909090909090908,-3.6363636363636367,-0.3710010846653955,-0.5269344856965641
1.8181818181818183,-3.6363636363636367,-0.3925689069720951,-0.4844900942308114
2.045454545454545,-3.6363636363636367,-0.41110352632306485,-0.443265476682503
2.2727272727272725,-3.6363636363636367,-0.4250583027529366,-0.4036132101107907
2.5,-3.6363636363636367,-0.43304064123520547,-0.3658051193356786
2.7272727272727266,-3.6363636363636367,-0.4338834607760091,-0.33004008924667666
2.954545454545454,-3.6363636363636367,-0.42670663739201314,-0.2964527699497879
3.1818181818181817,-3.6363636363636367,-0.4109655000469913,-0.2651224068689415
3.4090909090909083,-3.6363636363636367,-0.3864840577897565,-0.23608130231009206
3.6363636363636367,-3.6363636363636367,-0.35347134357270993,-0.20932263171754267
3.8636363636363633,-3.6363636363636367,-0.3125200424887646,-0.1848074921139616
4.09090909090909,-3.6363636363636367,-0.2645873929399491,-0.16247115951831823
4.318181818181818,-3.6363636363636367,-0.21095917029532563,-0.1422285889365616
4.545454545454545,-3.6363636363636367,-0.15319834571069949,-0.1239792176392373
4.772727272727272,-3.6363636363636367,-0.09308072160737375,-0.10761114077410504
5.0,-3.6363636363636367,-0.032520447016547674,-0.09300472613112626
-5.0,-3.409090909090909,-0.07585352619178481,-0.4075130882438
-4.7727272727272725,-3.409090909090909,-0.1384091344273347,-0.4514685524755798
-4.545454545454546,-3.409090909090909,-0.19915113948473612,-0.4972681633597779
-4.318181818181818,-3.409090909090909,-0.2560455061173196,-0.5445066340897398
-4.090909090909091,-3.409090909090909,-0.3072395902592648,-0.592698981376376
-3.8636363636363638,-3.409090909090909,-0.3511408779075033,-0.6412826424661091
-3.6363636363636367,-3.409090909090909,-0.3864840577897563,-0.6896224133138076
-3.409090909090909,-3.409090909090909,-0.41238338881820136,-0.7370185118637333
-3.1818181818181817,-3.409090909090909,-0.42836798525347636,-0.7827180189387104
-2.9545454545454546,-3.409090909090909,-0.434398415431095,-0.8259298782850292
-2.7272727272727275,-3.409090909090909,-0.430863858560086,-0.8658435394201779
-2.5,-3.409090909090909,-0.41855994959841225,-0.9016511902505107
-2.272727272727273,-3.409090909090909,-0.39864832382521587,-0.932573334317046
-2.0454545454545454,-3.409090909090909,-0.37259970981618745,-0.957887199944834
-1.8181818181818183,-3.409090909090909,-0.34212317339271264,-0.9769571070340181
-1.5909090909090908,-3.409090909090909,-0.30908475082691356,-0.9892654551346138
-1.3636363636363638,-3.409090909090909,-0.2754191976068624,-0.994442455486679
-1.1363636363636367,-3.409090909090909,-0.2430388966416207,-0.9922921798690324
-0.9090909090909092,-3.409090909090909,-0.2137441020065585,-0.9828120737128206
-0.6818181818181817,-3.409090909090909,-0.18913863484365007,-0.9662029714395272
-0.45454545454545503,-3.409090909090909,-0.1705548993509682,-0.9428670651058807
-0.22727272727272751,-3.409090909090909,-0.15899166019097694,-0.9133923489678764
0.0,-3.409090909090909,-0.15506743763382563,-0.8785237508515421
0.22727272727272751,-3.409090909090909,-0.15899166019097694,-0.8391231782025026
0.45454545454545414,-3.409090909090909,-0.1705548993509682,-0.7961225542124852
0.6818181818181817,-3.409090909090909,-0.18913863484365007,-0.7504750542191498
0.9090909090909092,-3.409090909090909,-0.2137441020065585,-0.7031098172303056
1.1363636363636358,-3.409090909090909,-0.2430388966416207,-0.6548943989535051
1.3636363636363633,-3.409090909090909,-0.2754191976068624,-0.6066075027381649
1.5909090909090908,-3.409090909090909,-0.30908475082691356,-0.5589226113265603
1.8181818181818183,-3.409090909090909,-0.34212317339271264,-0.5124015389108345
2.045454545454545,-3.409090909090909,-0.37259970981618745,-0.46749591424733367
2.2727272727272725,-3.409090909090909,-0.3986483238252157,-0.42455423085151867
2.5,-3.409090909090909,-0.41855994959841225,-0.38383222279711715
2.7272727272727266,-3.409090909090909,-0.43086385856008597,-0.3455047379520411
2.954545454545454,-3.409090909090909,-0.434398415431095,-0.30967779471941864
3.1818181818181817,-3.409090909090909,-0.42836798525347636,-0.2763999928538428
3.4090909090909083,-3.409090909090909,-0.4123833888182014,-0.24567283728791128
3.6363636363636367,-3.409090909090909,-0.3864840577897563,-0.21745980869362386
3.8636363636363633,-3.409090909090909,-0.3511408779075033,-0.1916941869796427
4.09090909090909,-3.409090909090909,-0.307239590259265,-0.16828572735238595
4.318181818181818,-3.409090909090909,-0.2560455061173196,-0.1471263276298817
4.545454545454545,-3.409090909090909,-0.19915113948473673,-0.12809483109462416
4.772727272727272,-3.409090909090909,-0.13840913442733502,-0.11106109680268532
5.0,-3.409090909090909,-0.07585352619178481,-0.09588944930534672
-5.0,-3.1818181818181817,-0.11781747872045314,-0.44467933639618845
-4.7727272727272725,-3.1818181818181817,-0.18137623158380767,-0.49280368146927694
-4.545454545454546,-3.1818181818181817,-0.2416546099295855,-0.5429737029730213
-4.318181818181818,-3.1818181818181817,-0.2965089007046729,-0.5947468646207292
-4.090909090909091,-3.1818181818181817,-0.34402152148593607,-0.6475915505775459
-3.8636363636363638,-3.1818181818181817,-0.3825837971581838,-0.7008887371086869
-3.6363636363636367,-3.1818181818181817,-0.4109655000469913,-0.7539366822435333
-3.409090909090909,-3.1818181818181817,-0.42836798525347636,-0.8059589987501193
-3.1818181818181817,-3.1818181818181817,-0.4344584750476967,-0.8561164427710173
-2.9545454545454546,-3.1818181818181817,-0.42938388296159596,-0.9035227042422473
-2.7272727272727275,-3.1818181818181817,-0.41376348199190904,-0.9472644175741881
-2.5,-3.1818181818181817,-0.38866067068722354,-0.9864255064969965
-2.272727272727273,-3.1818181818181817,-0.3555350326571245,-1.0201158099382315
-2.0454545454545454,-3.1818181818181817,-0.3161767761955932,-1.04750366977333
-1.8181818181818183,-3.1818181818181817,-0.2726264404176203,-1.067851752219708
-1.5909090909090908,-3.1818181818181817,-0.22708342579257845,-1.0805547832601747
-1.3636363636363638,-3.1818181818181817,-0.1818074192175772,-1.0851770958328044
-1.1363636363636367,-3.1818181818181817,-0.13901711302373473,-1.0814869735456143
-0.9090909090909092,-3.1818181818181817,-0.10079074809513178,-1.0694839069665163
-0.6818181818181817,-3.1818181818181817,-0.06897293721417948,-1.0494143631508008
-0.45454545454545503,-3.1818181818181817,-0.04509194881346752,-1.02177190567764
-0.22727272727272751,-3.1818181818181817,-0.03029116575185823,-0.9872788346125868
0.0,-3.1818181818181817,-0.025277799484203348,-0.9468490071859144
0.22727272727272751,-3.1818181818181817,-0.03029116575185823,-0.901534740855086
0.45454545454545414,-3.1818181818181817,-0.04509194881346752,-0.8524638141446363
0.6818181818181817,-3.1818181818181817,-0.06897293721417948,-0.8007745277895755
0.9090909090909092,-3.1818181818181817,-0.10079074809513178,-0.7475568583915192
1.1363636363636358,-3.1818181818181817,-0.13901711302373448,-0.6938059258169192
1.3636363636363633,-3.1818181818181817,-0.181807419217577,-0.6403910085364273
1.5909090909090908,-3.1818181818181817,-0.22708342579257845,-0.5880402117470338
1.8181818181818183,-3.1818181818181817,-0.2726264404176203,-0.5373384932230068
2.045454545454545,-3.1818181818181817,-0.3161767761955931,-0.4887354873630007
2.2727272727272725,-3.1818181818181817,-0.3555350326571245,-0.44255937267232764
2.5,-3.1818181818181817,-0.38866067068722354,-0.39903355732265566
2.7272727272727266,-3.1818181818181817,-0.41376348199190893,-0.35829381312192576
2.954545454545454,-3.1818181818181817,-0.42938388296159596,-0.320404362834474
3.1818181818181817,-3.1818181818181817,-0.4344584750476967,-0.2853721475903391
3.4090909090909083,-3.1818181818181817,-0.42836798525347647,-0.25315901304243393
3.6363636363636367,-3.1818181818181817,-0.4109655000469913,-0.22369186850565023
3.8636363636363633,-3.1818181818181817,-0.3825837971581838,-0.19687103683607038
4.09090909090909,-3.1818181818181817,-0.34402152148593607,-0.1725770734864961
4.318181818181818,-3.1818181818181817,-0.2965089007046729,-0.15067633253986887
4.545454545454545,-3.1818181818181817,-0.2416546099295855,-0.13102552568303075
4.772727272727272,-3.1818181818181817,-0.18137623158380797,-0.113475476510793
5.0,-3.1818181818181817,-0.11781747872045314,-0.09787422852595752
-5.0,-2.9545454545454546,-0.15764359172511597,-0.48290873363338055
-4.7727272727272725,-2.9545454545454546,-0.2212479633700129,-0.5353662970625284
-4.545454545454546,-2.9545454545454546,-0.28003287089775436,-0.5900892105691153
-4.318181818181818,-2.9545454545454546,-0.3317555544330693,-0.6465980068181898
-4.090909090909091,-2.9545454545454546,-0.3744452091028707,-0.7043142165117825
-3.8636363636363638,-2.9545454545454546,-0.4064895622084274,-0.7625613906064881
-3.6363636363636367,-2.9545454545454546,-0.42670663739201314,-0.8205692853983251
-3.409090909090909,-2.9545454545454546,-0.434398415431095,-0.8774816312216425
-3.1818181818181817,-2.9545454545454546,-0.42938388296159596,-0.9323678963728347
-2.9545454545454546,-2.9545454545454546,-0.4120098602213577,-0.9842394471823916
-2.7272727272727275,-2.9545454545454546,-0.383138976757866,-1.0320704869064297
-2.5,-2.9545454545454546,-0.34411517612813347,-1.0748241139781107
-2.272727272727273,-2.9545454545454546,-0.2967081313206686,-1.1114837413369771
-2.0454545454545454,-2.9545454545454546,-0.2430388966416207,-1.1410899074492462
-1.8181818181818183,-2.9545454545454546,-0.18548996620500863,-1.1627821053927454
-1.5909090909090908,-2.9545454545454546,-0.12660361538597165,-1.175844561978389
-1.3636363636363638,-2.9545454545454546,-0.06897293721417948,-1.1797538335365163
-1.1363636363636367,-2.9545454545454546,-0.015130325926680966,-1.174224651237895
-0.9090909090909092,-2.9545454545454546,0.03256171120596872,-1.1592488316742855
-0.6818181818181817,-2.9545454545454546,0.07201262153317865,-1.1351207283480322
-0.45454545454545503,-2.9545454545454546,0.10149426507806043,-1.1024423692241976
-0.22727272727272751,-2.9545454545454546,0.11971577818455553,-1.0621028957501268
0.0,-2.9545454545454546,0.12587954098136123,-1.0152305840943197
0.22727272727272751,-2.9545454545454546,0.11971577818455553,-0.9631210786261886
0.45454545454545414,-2.9545454545454546,0.10149426507806075,-0.9071509345917663
0.6818181818181817,-2.9545454545454546,0.07201262153317865,-0.8486890810077702
0.9090909090909092,-2.9545454545454546,0.03256171120596872,-0.7890188895120314
1.1363636363636358,-2.9545454545454546,-0.015130325926680966,-0.7292801668269712
1.3636363636363633,-2.9545454545454546,-0.06897293721417948,-0.6704350574038601
1.5909090909090908,-2.9545454545454546,-0.12660361538597165,-0.6132566131210186
1.8181818181818183,-2.9545454545454546,-0.18548996620500863,-0.5583352196458934
2.045454545454545,-2.9545454545454546,-0.24303889664162054,-0.5060966713732912
2.2727272727272725,-2.9545454545454546,-0.29670813132066826,-0.45682606171741
2.5,-2.9545454545454546,-0.34411517612813347,-0.4106930106379537
2.7272727272727266,-2.9545454545454546,-0.38313897675786585,-0.3677753544680558
2.954545454545454,-2.9545454545454546,-0.4120098602213577,-0.3280798157274639
3.1818181818181817,-2.9545454545454546,-0.42938388296159596,-0.2915591707038867
3.4090909090909083,-2.9545454545454546,-0.43439841543109503,-0.2581260417828055
3.6363636363636367,-2.9545454545454546,-0.42670663739201314,-0.22766374549874932
3.8636363636363633,-2.9545454545454546,-0.4064895622084274,-0.20003472848027987
4.09090909090909,-2.9545454545454546,-0.3744452091028707,-0.1750871082454589
4.318181818181818,-2.9545454545454546,-0.3317555544330693,-0.15265976512581753
4.545454545454545,-2.9545454545454546,-0.28003287089775464,-0.13258634318287668
4.772727272727272,-2.9545454545454546,-0.2212479633700135,-0.11469843238114147
5.0,-2.9545454545454546,-0.15764359172511597,-0.09882813089100964
-5.0,-2.7272727272727275,-0.19471287487537697,-0.5219040401278238
-4.7727272727272725,-2.7272727272727275,-0.2574743445141784,-0.5788340648225639
-4.545454545454546,-2.7272727272727275,-0.3138307961229858,-0.6382685741438543
-4.318181818181818,-2.7272727272727275,-0.361451205313316,-0.6996924297350784
-4.090909090909091,-2.7272727272727275,-0.3983227585743635,-0.7624811789663595
-3.8636363636363638,-2.7272727272727275,-0.4228409765734054,-0.8259012085640409
-3.6363636363636367,-2.7272727272727275,-0.43388346077600903,-0.8891131328896531
-3.409090909090909,-2.7272727272727275,-0.430863858560086,-0.9511788766381504
-3.1818181818181817,-2.7272727272727275,-0.41376348199190904,-1.0110729284699824
-2.9545454545454546,-2.7272727272727275,-0.383138976757866,-1.0676982751552981
-2.7272727272727275,-2.7272727272727275,-0.34010547804718627,-1.1199075760355075
-2.5,-2.7272727272727275,-0.28629576326095546,-1.1665301943373378
-2.272727272727273,-2.7272727272727275,-0.22379696933026366,-1.2064057320638808
-2.0454545454545454,-2.7272727272727275,-0.15506743763382563,-1.23842464833309
-1.8181818181818183,-2.7272727272727275,-0.08283713707696212,-1.2615762530810446
-1.5909090909090908,-2.7272727272727275,-0.00999585554291603,-1.275003674790165
-1.3636363636363638,-2.7272727272727275,0.06052609213039852,-1.2780640834896484
-1.1363636363636367,-2.7272727272727275,0.12587954098136123,-1.2703903474646943
-0.9090909090909092,-2.7272727272727275,0.18341531227233934,-1.2519474984117187
-0.6818181818181817,-2.7272727272727275,0.23079508775346438,-1.2230744627505918
-0.45454545454545503,-2.7272727272727275,0.2660895303155247,-1.1844997471781666
-0.22727272727272751,-2.7272727272727275,0.287859401828872,-1.137320859300617
0.0,-2.7272727272727275,0.29521615982429716,-1.0829425059489082
0.22727272727272751,-2.7272727272727275,0.287859401828872,-1.0229776583759707
0.45454545454545414,-2.7272727272727275,0.2660895303155247,-0.9591255951513741
0.6818181818181817,-2.7272727272727275,0.23079508775346438,-0.89304772656104
0.9090909090909092,-2.7272727272727275,0.18341531227233934,-0.8262620840183384
1.1363636363636358,-2.7272727272727275,0.12587954098136123,-0.7600708207239452
1.3636363636363633,-2.7272727272727275,0.06052609213039883,-0.6955251930994168
1.5909090909090908,-2.7272727272727275,-0.00999585554291603,-0.6334235734755225
1.8181818181818183,-2.7272727272727275,-0.08283713707696212,-0.5743328873751323
2.045454545454545,-2.7272727272727275,-0.15506743763382563,-0.5186228533699941
2.2727272727272725,-2.7272727272727275,-0.22379696933026347,-0.4665042204461481
2.5,-2.7272727272727275,-0.28629576326095546,-0.4180651308683876
2.7272727272727266,-2.7272727272727275,-0.3401054780471861,-0.37330252534516933
2.954545454545454,-2.7272727272727275,-0.383138976757866,-0.332147566219187
3.1818181818181817,-2.7272727272727275,-0.41376348199190904,-0.29448530222613134
3.4090909090909083,-2.7272727272727275,-0.43086385856008597,-0.2601694007340686
3.6363636363636367,-2.7272727272727275,-0.43388346077600903,-0.22903295439630048
3.8636363636363633,-2.7272727272727275,-0.4228409765734054,-0.20089631876859784
4.09090909090909,-2.7272727272727275,-0.39832275857436367,-0.17557278560856893
4.318181818181818,-2.7272727272727275,-0.361451205313316,-0.15287271951161752
4.545454545454545,-2.7272727272727275,-0.31383079612298603,-0.13260662153040106
4.772727272727272,-2.7272727272727275,-0.2574743445141789,-0.11458744765161445
5.0,-2.7272727272727275,-0.19471287487537697,-0.09863240522849029
-5.0,-2.5,-0.22856545626592412,-0.561327775510706
-4.7727272727272725,-2.5,-0.28969586064231273,-0.6228395584692469
-4.545454545454546,-2.5,-0.34281687920757237,-0.687115593686694
-4.318181818181818,-2.5,-0.38551990379150936,-0.7536074234960635
-4.090909090909091,-2.5,-0.41576054005172847,-0.8216467891864577
-3.8636363636363638,-2.5,-0.43195200914728765,-0.890444700568727
-3.6363636363636367,-2.5,-0.43304064123520547,-0.9590937199057243
-3.409090909090909,-2.5,-0.41855994959841225,-1.026573929320931
-3.1818181818181817,-2.5,-0.38866067068722354,-1.0917630892324817
-2.9545454545454546,-2.5,-0.34411517612813347,-1.153451572945986
-2.7272727272727275,-2.5,-0.28629576326095546,-1.2103627934712504
-2.5,-2.5,-0.21712746254366178,-1.2611800286889283
-2.272727272727273,-2.5,-0.13901711302373473,-1.3045807825833677
-2.0454545454545454,-2.5,-0.05476150136604305,-1.3392800261988822
-1.8181818181818183,-2.5,0.03256171120596872,-1.3640836864005161
-1.5909090909090908,-2.5,0.11971577818455553,-1.3779533044326564
-1.3636363636363638,-2.5,0.20343429831407076,-1.380081428822638
-1.1363636363636367,-2.5,0.2805528524038661,-1.3699745246447166
-0.9090909090909092,-2.5,0.3481372873695284,-1.347535674231957
-0.6818181818181817,-2.5,0.4036032067865658,-1.313133595517666
-0.45454545454545503,-2.5,0.4448215835757945,-1.2676394497724033
-0.22727272727272751,-2.5,0.4702059897380006,-1.212412056575107
0.0,-2.5,0.47877771528316515,-1.1492191425751228
0.22727272727272751,-2.5,0.4702059897380006,-1.0800978380431814
0.45454545454545414,-2.5,0.4448215835757948,-1.0071768626186848
0.6818181818181817,-2.5,0.4036032067865658,-0.9324963567889979
0.9090909090909092,-2.5,0.3481372873695284,-0.8578614002128725
1.1363636363636358,-2.5,0.2805528524038661,-0.7847519081248542
1.3636363636363633,-2.5,0.2034342983140711,-0.7142925234212754
1.5909090909090908,-2.5,0.11971577818455553,-0.6472706699436591
1.8181818181818183,-2.5,0.03256171120596872,-0.5841840347858008
2.045454545454545,-2.5,-0.05476150136604305,-0.5252996835075584
2.2727272727272725,-2.5,-0.13901711302373448,-0.47071211677916563
2.5,-2.5,-0.21712746254366178,-0.4203933428963094
2.7272727272727266,-2.5,-0.28629576326095507,-0.3742325317344754
2.954545454545454,-2.5,-0.34411517612813347,-0.3320655516700786
3.1818181818181817,-2.5,-0.38866067068722354,-0.29369597458717045
3.4090909090909083,-2.5,-0.41855994959841214,-0.2589094837266969
3.6363636363636367,-2.5,-0.43304064123520547,-0.22748348123436707
3.8636363636363633,-2.5,-0.4319520091472877,-0.19919336191133516
4.09090909090909,-2.5,-0.4157605400517286,-0.17381655899322293
4.318181818181818,-2.5,-0.38551990379150936,-0.1511351500242201
4.545454545454545,-2.5,-0.34281687920757253,-0.13093755921724567
4.772727272727272,-2.5,-0.28969586064231295,-0.11301970610958474
5.0,-2.5,-0.22856545626592412,-0.09718581847194878
-5.0,-2.272727272727273,-0.2589011605480669,-0.6008047083581802
-4.7727272727272725,-2.272727272727273,-0.3177398175670214,-0.6669725476542153
-4.545454545454546,-2.272727272727273,-0.366974742399047,-0.7361859166150475
-4.318181818181818,-2.272727272727273,-0.4041300964866085,-0.8078666029256528
-4.090909090909091,-2.272727272727273,-0.4271393031361789,-0.8813062188161351
-3.8636363636363638,-2.272727272727273,-0.4344414498590579,-0.9556640017351448
-3.6363636363636367,-2.272727272727273,-0.42505830275293666,-1.0299677050513325
-3.409090909090909,-2.272727272727273,-0.39864832382521587,-1.1031180134358007
-3.1818181818181817,-2.272727272727273,-0.3555350326571245,-1.1738969639776071
-2.9545454545454546,-2.272727272727273,-0.2967081313206686,-1.2409809632446034
-2.7272727272727275,-2.272727272727273,-0.22379696933026366,-1.3029591967011624
-2.5,-2.272727272727273,-0.13901711302373473,-1.358358566460432
-2.272727272727273,-2.272727272727273,-0.04509194881346779,-1.4056767898667066
-2.0454545454545454,-2.272727272727273,0.054847659427959015,-1.4434259215016227
-1.8181818181818183,-2.272727272727273,0.1573816706521519,-1.4701891876661763
-1.5909090909090908,-2.272727272727273,0.25893233483053707,-1.4846942847795197
-1.3636363636363638,-2.272727272727273,0.35590344040626837,-1.4859054743518547
-1.1363636363636367,-2.272727272727273,0.4448215835757945,-1.4731337770684385
-0.9090909090909092,-2.272727272727273,0.522473580671765,-1.44615805964389
-0.6818181818181817,-2.272727272727273,0.586034277503664,-1.4053394087643705
-0.45454545454545503,-2.272727272727273,0.6331793911466836,-1.351699176363912
-0.22727272727272751,-2.272727272727273,0.662178634446663,-1.2869240465029084
0.0,-2.272727272727273,0.6719651951392238,-1.2132688457725722
0.22727272727272751,-2.272727272727273,0.662178634446663,-1.1333548461138787
0.45454545454545414,-2.272727272727273,0.6331793911466841,-1.0499000134084946
0.6818181818181817,-2.272727272727273,0.586034277503664,-0.9654467705907321
0.9090909090909092,-2.272727272727273,0.522473580671765,-0.8821529333197311
1.1363636363636358,-2.272727272727273,0.4448215835757948,-0.8016825353226491
1.3636363636363633,-2.272727272727273,0.35590344040626876,-0.7251947183940286
1.5909090909090908,-2.272727272727273,0.25893233483053707,-0.6534019779721026
1.8181818181818183,-2.272727272727273,0.1573816706521519,-0.5866618007737122
2.045454545454545,-2.272727272727273,0.054847659427959015,-0.5250728516543526
2.2727272727272725,-2.272727272727273,-0.04509194881346752,-0.4685589299555691
2.5,-2.272727272727273,-0.13901711302373473,-0.4169343329021011
2.7272727272727266,-2.272727272727273,-0.22379696933026347,-0.3699507558088664
2.954545454545454,-2.272727272727273,-0.29670813132066826,-0.32732883980978383
3.1818181818181817,-2.272727272727273,-0.3555350326571245,-0.2887782186329519
3.4090909090909083,-2.272727272727273,-0.3986483238252157,-0.2540095517327639
3.6363636363636367,-2.272727272727273,-0.42505830275293666,-0.22274128482975158
3.8636363636363633,-2.272727272727273,-0.4344414498590579,-0.19470311746608127
4.09090909090909,-2.272727272727273,-0.427139303136179,-0.16963752438374918
4.318181818181818,-2.272727272727273,-0.4041300964866085,-0.1473002031515491
4.545454545454545,-2.272727272727273,-0.36697474239904715,-0.12745998679409856
4.772727272727272,-2.272727272727273,-0.3177398175670217,-0.10989853594614497
5.0,-2.272727272727273,-0.2589011605480669,-0.09440998003155605
-5.0,-2.0454545454545454,-0.28557168536892397,-0.6399255168410561
-4.7727272727272725,-2.0454545454545454,-0.3416072155506039,-0.7107835229514355
-4.545454545454546,-2.0454545454545454,-0.3864840577897563,-0.7849902383560982
-4.318181818181818,-2.0454545454545454,-0.41766897815539883,-0.8619425441507085
-4.090909090909091,-2.0454545454545454,-0.4330813922860184,-0.940897239952056
-3.8636363636363638,-2.0454545454545454,-0.4311924838506371,-1.0209674555557129
-3.6363636363636367,-2.0454545454545454,-0.41110352632306485,-1.101121925479725
-3.409090909090909,-2.0454545454545454,-0.37259970981618745,-1.1801874713434175
-3.1818181818181817,-2.0454545454545454,-0.3161767761955932,-1.2568550659311657
-2.9545454545454546,-2.0454545454545454,-0.2430388966416207,-1.3296899607845598
-2.7272727272727275,-2.0454545454545454,-0.15506743763382563,-1.3971466042215361
-2.5,-2.0454545454545454,-0.05476150136604305,-1.4575895383607786
-2.272727272727273,-2.0454545454545454,0.054847659427959015,-1.5093222382323401
-2.0454545454545454,-2.0454545454545454,0.17030511787860486,-1.5506270285004586
-1.8181818181818183,-2.0454545454545454,0.287859401828872,-1.5798207772517523
-1.5909090909090908,-2.0454545454545454,0.4036032067865658,-1.5953327413201728
-1.3636363636363638,-2.0454545454545454,0.5136220073890949,-1.5958118359257134
-1.1363636363636367,-2.0454545454545454,0.6141445050778922,-1.5802687858933346
-0.9090909090909092,-2.0454545454545454,0.7016887312436129,-1.5482509217702685
-0.6818181818181817,-2.0454545454545454,0.7731977713435614,-1.5000305305329185
-0.45454545454545503,-2.0454545454545454,0.8261594811491121,-1.4367621162746351
-0.22727272727272751,-2.0454545454545454,0.8587052146297548,-1.3605401186321413
0.0,-2.0454545454545454,0.8696834465503174,-1.274289145784793
0.22727272727272751,-2.0454545454545454,0.8587052146297548,-1.1814645931675158
0.45454545454545414,-2.0454545454545454,0.8261594811491121,-1.0856234132934677
0.6818181818181817,-2.0454545454545454,0.7731977713435614,-0.989992275092725
0.9090909090909092,-2.0454545454545454,0.7016887312436129,-0.8971604449542255
1.1363636363636358,-2.0454545454545454,0.6141445050778926,-0.8089574318855473
1.3636363636363633,-2.0454545454545454,0.5136220073890954,-0.726493715458155
1.5909090909090908,-2.0454545454545454,0.4036032067865658,-0.6502972109864912
1.8181818181818183,-2.0454545454545454,0.287859401828872,-0.5804777404248354
2.045454545454545,-2.0454545454545454,0.17030511787860486,-0.5168756761668196
2.2727272727272725,-2.0454545454545454,0.054847659427959015,-0.4591765349236352
2.5,-2.0454545454545454,-0.05476150136604305,-0.4069901713456619
2.7272727272727266,-2.0454545454545454,-0.1550674376338254,-0.35990089748154824
2.954545454545454,-2.0454545454545454,-0.24303889664162054,-0.3174966180379775
3.1818181818181817,-2.0454545454545454,-0.3161767761955932,-0.27938409120516466
3.4090909090909083,-2.0454545454545454,-0.3725997098161872,-0.2451956428487503
3.6363636363636367,-2.0454545454545454,-0.41110352632306485,-0.21459097211471925
3.8636363636363633,-2.0454545454545454,-0.4311924838506371,-0.18725637609835283
4.09090909090909,-2.0454545454545454,-0.43308139228601844,-0.1629028035884075
4.318181818181818,-2.0454545454545454,-0.41766897815539883,-0.1412635446226806
4.545454545454545,-2.0454545454545454,-0.3864840577897565,-0.12209198365133349
4.772727272727272,-2.0454545454545454,-0.34160721555060414,-0.10515961525354696
5.0,-2.0454545454545454,-0.28557168536892397,-0.09025438886737804
-5.0,-1.8181818181818183,-0.30856522263979586,-0.6782516956964826
-4.7727272727272725,-1.8181818181818183,-0.3614512053133162,-0.7537885707412959
-4.545454545454546,-1.8181818181818183,-0.4016921645402555,-0.8329989255210833
-4.318181818181818,-1.8181818181818183,-0.42670663739201314,-0.9152608613116625
-4.090909090909091,-1.8181818181818183,-0.4344068435204367,-0.9998033722264477
-3.8636363636363638,-1.8181818181818183,-0.42330023106086706,-1.0857013499842079
-3.6363636363636367,-1.8181818181818183,-0.3925689069720951,-1.1718731423750361
-3.409090909090909,-1.8181818181818183,-0.34212317339271264,-1.2570808618832607
-3.1818181818181817,-1.8181818181818183,-0.2726264404176203,-1.339933615944364
-2.9545454545454546,-1.8181818181818183,-0.18548996620500863,-1.4188938821652128
-2.7272727272727275,-1.8181818181818183,-0.08283713707696212,-1.4922874576032208
-2.5,-1.8181818181818183,0.03256171120596872,-1.5583178953789592
-2.272727272727273,-1.8181818181818183,0.1573816706521519,-1.6150872949936566
-2.0454545454545454,-1.8181818181818183,0.287859401828872,-1.6606269992631293
-1.8181818181818183,-1.8181818181818183,0.4199285653059885,-1.6929444668707339
-1.5909090909090908,-1.8181818181818183,0.5493692155621219,-1.7100964715578209
-1.3636363636363638,-1.8181818181818183,0.6719651951392238,-1.710303269778417
-1.1363636363636367,-1.8181818181818183,0.7836631829950954,-1.692121101265179
-0.9090909090909092,-1.8181818181818183,0.8807269354432318,-1.65468550086742
-0.6818181818181817,-1.8181818181818183,0.9598804171658146,-1.5980155305553396
-0.45454545454545503,-1.8181818181818183,1.0184339478822075,-1.5233205637793452
-0.22727272727272751,-1.8181818181818183,1.054388169869752,-1.433186248082505
0.0,-1.8181818181818183,1.066511544100556,-1.3314831204408346
0.22727272727272751,-1.8181818181818183,1.054388169869752,-1.2229113707650805
0.45454545454545414,-1.8181818181818183,1.0184339478822078,-1.11227730423494
0.6818181818181817,-1.8181818181818183,0.9598804171658146,-1.0037670759828439
0.9090909090909092,-1.8181818181818183,0.8807269354432318,-0.9004833696345234
1.1363636363636358,-1.8181818181818183,0.7836631829950959,-0.8043408598292731
1.3636363636363633,-1.8181818181818183,0.6719651951392241,-0.7162344217667275
1.5909090909090908,-1.8181818181818183,0.5493692155621219,-0.6363241866917835
1.8181818181818183,-1.8181818181818183,0.4199285653059885,-0.5643148222902447
2.045454545454545,-1.8181818181818183,0.287859401828872,-0.4996715184134584
2.2727272727272725,-1.8181818181818183,0.1573816706521522,-0.44176369344623206
2.5,-1.8181818181818183,0.03256171120596872,-0.3899498258073576
2.7272727272727266,-1.8181818181818183,-0.08283713707696161,-0.34362168285295636
2.954545454545454,-1.8181818181818183,-0.18548996620500863,-0.302223442873426
3.1818181818181817,-1.8181818181818183,-0.2726264404176203,-0.2652566294983506
3.4090909090909083,-1.8181818181818183,-0.3421231733927124,-0.23227778406159194
3.6363636363636367,-1.8181818181818183,-0.3925689069720951,-0.20289295391341325
3.8636363636363633,-1.8181818181818183,-0.42330023106086706,-0.17675124398415212
4.09090909090909,-1.8181818181818183,-0.4344068435204367,-0.15353857624542044
4.318181818181818,-1.8181818181818183,-0.42670663739201314,-0.13297216958541197
4.545454545454545,-1.8181818181818183,-0.40169216454025564,-0.11479590695474286
4.772727272727272,-1.8181818181818183,-0.36145120531331637,-0.09877657850540052
5.0,-1.8181818181818183,-0.30856522263979586,-0.08470090619286424
-5.0,-1.5909090909090908,-0.32798474952303824,-0.7153217636641033
-4.7727272727272725,-1.5909090909090908,-0.3775485966676223,-0.7954757007291223
-4.545454545454546,-1.5909090909090908,-0.41307811631601155,-0.8796482282168656
-4.318181818181818,-1.5909090909090908,-0.43195200914728765,-0.9672059700105643
-4.090909090909091,-1.5909090909090908,-0.43208066791168914,-1.057358738233623
-3.8636363636363638,-1.5909090909090908,-0.4120098602213577,-1.1491532499364634
-3.6363636363636367,-1.5909090909090908,-0.3710010846653955,-1.241469050706905
-3.409090909090909,-1.5909090909090908,-0.30908475082691356,-1.3330166445571474
-3.1818181818181817,-1.5909090909090908,-0.22708342579257845,-1.4223377092506382
-2.9545454545454546,-1.5909090909090908,-0.12660361538597165,-1.5078072006707226
-2.7272727272727275,-1.5909090909090908,-0.00999585554291603,-1.5876371976083663
-2.5,-1.5909090909090908,0.11971577818455553,-1.6598826571318168
-2.272727272727273,-1.5909090909090908,0.25893233483053707,-1.7224501093479139
-2.0454545454545454,-1.5909090909090908,0.4036032067865658,-1.7731121871398232
-1.8181818181818183,-1.5909090909090908,0.5493692155621219,-1.8095345158165854
-1.5909090909090908,-1.5909090909090908,0.6917199984794559,-1.8293279150177844
-1.3636363636363638,-1.5909090909090908,0.8261594811491121,-1.8301489764189967
-1.1363636363636367,-1.5909090909090908,0.948372830437326,-1.8098849277794407
-0.9090909090909092,-1.5909090909090908,1.0543881698697521,-1.7669671893444168
-0.6818181818181817,-1.5909090909090908,1.1407265103748256,-1.7008418951702557
-0.45454545454545503,-1.5909090909090908,1.204533797934342,-1.6125498727476355
-0.22727272727272751,-1.5909090909090908,1.2436896879045958,-1.5052138435106948
0.0,-1.5909090909090908,1.2568885939381158,-1.3840764837761683
0.22727272727272751,-1.5909090909090908,1.2436896879045958,-1.255799192571707
0.45454545454545414,-1.5909090909090908,1.2045337979343422,-1.1271536757295102
0.6818181818181817,-1.5909090909090908,1.1407265103748256,-1.0037106945877747
0.9090909090909092,-1.5909090909090908,1.0543881698697521,-0.8891304295031687
1.1363636363636358,-1.5909090909090908,0.9483728304373265,-0.7851868684357224
1.3636363636363633,-1.5909090909090908,0.8261594811491125,-0.6922365531491059
1.5909090909090908,-1.5909090909090908,0.6917199984794559,-0.6097759716725948
1.8181818181818183,-1.5909090909090908,0.5493692155621219,-0.5368861424330187
2.045454545454545,-1.5909090909090908,0.4036032067865658,-0.47251776516684074
2.2727272727272725,-1.5909090909090908,0.25893233483053707,-0.4156461534037087
2.5,-1.5909090909090908,0.11971577818455553,-0.36534131724449864
2.7272727272727266,-1.5909090909090908,-0.00999585554291547,-0.32079005065732147
2.954545454545454,-1.5909090909090908,-0.12660361538597165,-0.2812939744286853
3.1818181818181817,-1.5909090909090908,-0.22708342579257845,-0.2462572857565705
3.4090909090909083,-1.5909090909090908,-0.3090847508269133,-0.21517142190402697
3.6363636363636367,-1.5909090909090908,-0.3710010846653955,-0.1876000793137767
3.8636363636363633,-1.5909090909090908,-0.4120098602213577,-0.16316601297339228
4.09090909090909,-1.5909090909090908,-0.4320806679116891,-0.14154002670451785
4.318181818181818,-1.5909090909090908,-0.43195200914728765,-0.12243209246949775
4.545454545454545,-1.5909090909090908,-0.4130781163160118,-0.10558434359376229
4.772727272727272,-1.5909090909090908,-0.3775485966676225,-0.09076563109398463
5.0,-1.5909090909090908,-0.32798474952303824,-0.0777673399824112
-5.0,-1.3636363636363638,-0.34402152148593607,-0.750658792305039
-4.7727272727272725,-1.3636363636363638,-0.3902662239333577,-0.8353127040137964
-4.545454545454546,-1.3636363636363638,-0.4212112524778726,-0.9243482403541673
-4.318181818181818,-1.3636363636363638,-0.4342030326851928,-1.0171288072288596
-4.090909090909091,-1.3636363636363638,-0.42715403901240606,-1.1128550431707687
-3.8636363636363638,-1.3636363636363638,-0.3986483238252157,-1.2105575255399268
-3.6363636363636367,-1.3636363636363638,-0.34802263308893616,-1.309091366696602
-3.409090909090909,-1.3636363636363638,-0.2754191976068624,-1.4071324818505866
-3.1818181818181817,-1.3636363636363638,-0.1818074192175772,-1.5031750607210428
-2.9545454545454546,-1.3636363636363638,-0.06897293721417948,-1.5955295028740484
-2.7272727272727275,-1.3636363636363638,0.06052609213039852,-1.6823198313939491
-2.5,-1.3636363636363638,0.20343429831407076,-1.7614794995432317
-2.272727272727273,-1.3636363636363638,0.35590344040626837,-1.83074481476697
-2.0454545454545454,-1.3636363636363638,0.5136220073890949,-1.8876464911500892
-1.8181818181818183,-1.3636363636363638,0.6719651951392238,-1.9295032675392993
-1.5909090909090908,-1.3636363636363638,0.8261594811491121,-1.953429317933157
-1.3636363636363638,-1.3636363636363638,0.9714553557094173,-1.9563830781745843
-1.1363636363636367,-1.3636363636363638,1.103301372673878,-1.93531370847024
-0.9090909090909092,-1.3636363636363638,1.217512572784157,-1.8875024414317443
-0.6818181818181817,-1.3636363636363638,1.3104265141778277,-1.8112252012854473
-0.45454545454545503,-1.3636363636363638,1.3790406117916358,-1.7067955975931055
-0.22727272727272751,-1.3636363636363638,1.421125221113484,-1.5777410122333448
0.0,-1.3636363636363638,1.4353078716842131,-1.4313348904665486
0.22727272727272751,-1.3636363636363638,1.421125221113484,-1.277545048834377
0.45454545454545414,-1.3636363636363638,1.379040611791636,-1.126453377038358
0.6818181818181817,-1.3636363636363638,1.3104265141778277,-0.9856726076136496
0.9090909090909092,-1.3636363636363638,1.217512572784157,-0.8592859325527149
1.1363636363636358,-1.3636363636363638,1.1033013726738787,-0.7483651551821767
1.3636363636363633,-1.3636363636363638,0.9714553557094175,-0.6521276927248617
1.5909090909090908,-1.3636363636363638,0.8261594811491121,-0.5689562116349455
1.8181818181818183,-1.3636363636363638,0.6719651951392238,-0.497034424005845
2.045454545454545,-1.3636363636363638,0.5136220073890954,-0.43465906023377926
2.2727272727272725,-1.3636363636363638,0.35590344040626876,-0.3803553779789133
2.5,-1.3636363636363638,0.20343429831407076,-0.3328944527006813
2.7272727272727266,-1.3636363636363638,0.060526092130399126,-0.29126944519511594
2.954545454545454,-1.3636363636363638,-0.06897293721417948,-0.25465938806632815
3.1818181818181817,-1.3636363636363638,-0.1818074192175772,-0.2223930436481886
3.4090909090909083,-1.3636363636363638,-0.27541919760686207,-0.1939174763742572
3.6363636363636367,-1.3636363636363638,-0.34802263308893616,-0.16877241515641847
3.8636363636363633,-1.3636363636363638,-0.3986483238252157,-0.14657003962863813
4.09090909090909,-1.3636363636363638,-0.427154039012406,-0.12697935363322202
4.318181818181818,-1.3636363636363638,-0.4342030326851928,-0.10971425028262473
4.545454545454545,-1.3636363636363638,-0.4212112524778728,-0.09452446775601342
4.772727272727272,-1.3636363636363638,-0.39026622393335786,-0.08118877150516567
5.0,-1.3636363636363638,-0.34402152148593607,-0.06950983175900294
-5.0,-1.1363636363636367,-0.3569255212522521,-0.7837792280498751
-4.7727272727272725,-1.1363636363636367,-0.4000242085528644,-0.8727565731159902
-4.545454545454546,-1.1363636363636367,-0.4267066373920131,-0.966492730714886
-4.318181818181818,-1.1363636363636367,-0.4342936786753685,-1.0643567654349935
-4.090909090909091,-1.1363636363636367,-0.42070238031968504,-1.1655511296401049
-3.8636363636363638,-1.1363636363636367,-0.3845530530012316,-1.2691037951420345
-3.6363636363636367,-1.1363636363636367,-0.32525099556297354,-1.3738620698610013
-3.409090909090909,-1.1363636363636367,-0.2430388966416207,-1.4784876883647735
-3.1818181818181817,-1.1363636363636367,-0.13901711302373473,-1.5814523754981857
-2.9545454545454546,-1.1363636363636367,-0.015130325926680966,-1.681032575859404
-2.7272727272727275,-1.1363636363636367,0.12587954098136123,-1.7753014048182647
-2.5,-1.1363636363636367,0.2805528524038661,-1.8621151245096392
-2.272727272727273,-1.1363636363636367,0.4448215835757945,-1.9390906915181927
-2.0454545454545454,-1.1363636363636367,0.6141445050778922,-2.0035705407749878
-1.8181818181818183,-1.1363636363636367,0.7836631829950954,-2.0525718403764985
-1.5909090909090908,-1.1363636363636367,0.948372830437326,-2.0827227665433035
-1.3636363636363638,-1.1363636363636367,1.103301372673878,-2.0902045870083845
-1.1363636363636367,-1.1363636363636367,1.2436896879045956,-2.0707597770618014
-0.9090909090909092,-1.1363636363636367,1.3651658779182616,-2.0199169179882213
-0.6818181818181817,-1.1363636363636367,1.4639066138797363,-1.9337363915408636
-0.45454545454545503,-1.1363636363636367,1.5367790856121069,-1.8104953983933014
-0.22727272727272751,-1.1363636363636367,1.5814578386727942,-1.653358594966646
0.0,-1.1363636363636367,1.596511781050533,-1.472580920579759
0.22727272727272751,-1.1363636363636367,1.5814578386727942,-1.2842067535278225
0.45454545454545414,-1.1363636363636367,1.5367790856121069,-1.1043978324525698
0.6818181818181817,-1.1363636363636367,1.4639066138797363,-0.9437581610118599
0.9090909090909092,-1.1363636363636367,1.3651658779182616,-0.8060242222304568
1.1363636363636358,-1.1363636363636367,1.243689687904596,-0.6902532590206009
1.3636363636363633,-1.1363636363636367,1.1033013726738785,-0.5934742766440322
1.5909090909090908,-1.1363636363636367,0.948372830437326,-0.5123490296718592
1.8181818181818183,-1.1363636363636367,0.7836631829950954,-0.4438901207179532
2.045454545454545,-1.1363636363636367,0.6141445050778926,-0.3856556770038939
2.2727272727272725,-1.1363636363636367,0.4448215835757948,-0.335725620872895
2.5,-1.1363636363636367,0.2805528524038661,-0.29261130825993126
2.7272727272727266,-1.1363636363636367,0.12587954098136156,-0.2551597633703747
2.954545454545454,-1.1363636363636367,-0.015130325926680966,-0.22247224220546213
3.1818181818181817,-1.1363636363636367,-0.13901711302373473,-0.19384052386434764
3.4090909090909083,-1.1363636363636367,-0.24303889664162034,-0.16869889045776382
3.6363636363636367,-1.1363636363636367,-0.32525099556297354,-0.1465885408715025
3.8636363636363633,-1.1363636363636367,-0.38455305300123144,-0.12713140639677512
4.09090909090909,-1.1363636363636367,-0.4207023803196849,-0.11001092755040982
4.318181818181818,-1.1363636363636367,-0.4342936786753685,-0.09495794004130181
4.545454545454545,-1.1363636363636367,-0.42670663739201325,-0.08174030018218804
4.772727272727272,-1.1363636363636367,-0.4000242085528647,-0.07015524683727486
5.0,-1.1363636363636367,-0.3569255212522521,-0.06002376697191581
-5.0,-0.9090909090909092,-0.36697474239904715,-0.814202912086869
-4.7727272727272725,-0.9090909090909092,-0.40725828734151087,-0.9072644416063587
-4.545454545454546,-0.9090909090909092,-0.43017984264275955,-1.0054708919080098
-4.318181818181818,-0.9090909090909092,-0.43304064123520547,-1.108206031240239
-4.090909090909091,-0.9090909090909092,-0.41376348199190904,-1.214685519443382
-3.8636363636363638,-0.9090909090909092,-0.3710010846653954,-1.3239490284861373
-3.6363636363636367,-0.9090909090909092,-0.3042182904693139,-1.4348540353189776
-3.409090909090909,-0.9090909090909092,-0.2137441020065585,-1.5460707627018688
-3.1818181818181817,-0.9090909090909092,-0.10079074809513178,-1.6560772410705367
-2.9545454545454546,-0.9090909090909092,0.03256171120596872,-1.7631527501051898
-2.7272727272727275,-0.9090909090909092,0.18341531227233934,-1.865366875233367
-2.5,-0.9090909090909092,0.3481372873695284,-1.9605599374352873
-2.272727272727273,-0.9090909090909092,0.522473580671765,-2.0463084298015417
-2.0454545454545454,-0.9090909090909092,0.7016887312436129,-2.1198661283164726
-1.8181818181818183,-0.9090909090909092,0.8807269354432318,-2.178067804885495
-1.5909090909090908,-0.9090909090909092,1.0543881698697521,-2.2171792389269616
-1.3636363636363638,-0.9090909090909092,1.217512572784157,-2.232680119544945
-1.1363636363636367,-0.9090909090909092,1.3651658779182616,-2.218994792339796
-0.9090909090909092,-0.9090909090909092,1.4928185888598424,-2.1692970723831735
-0.6818181818181817,-0.9090909090909092,1.5965117810505334,-2.0758465629908534
-0.45454545454545503,-0.9090909090909092,1.673002914988452,-1.93202686074285
-0.22727272727272751,-0.9090909090909092,1.7198858187174175,-1.7377782153773897
0.0,-0.9090909090909092,1.7356800182573662,-1.5072101983524422
0.22727272727272751,-0.9090909090909092,1.7198858187174175,-1.2688670492064265
0.45454545454545414,-0.9090909090909092,1.6730029149884522,-1.0514131276753893
0.6818181818181817,-0.9090909090909092,1.5965117810505334,-0.8693152781686652
0.9090909090909092,-0.9090909090909092,1.4928185888598424,-0.7230990241277245
1.1363636363636358,-0.9090909090909092,1.3651658779182623,-0.6069463478788827
1.3636363636363633,-0.9090909090909092,1.2175125727841574,-0.514108254439515
1.5909090909090908,-0.9090909090909092,1.0543881698697521,-0.43891837992062405
1.8181818181818183,-0.9090909090909092,0.8807269354432318,-0.37710106561644824
2.045454545454545,-0.9090909090909092,0.7016887312436133,-0.3255452384080216
2.2727272727272725,-0.9090909090909092,0.5224735806717654,-0.28200256316207956
2.5,-0.9090909090909092,0.3481372873695284,-0.24483713700954227
2.7272727272727266,-0.9090909090909092,0.18341531227233968,-0.21284270719669024
2.954545454545454,-0.9090909090909092,0.03256171120596901,-0.18511497108112715
3.1818181818181817,-0.9090909090909092,-0.10079074809513178,-0.1609635242874986
3.4090909090909083,-0.9090909090909092,-0.21374410200655805,-0.13985112824125753
3.6363636363636367,-0.9090909090909092,-0.3042182904693139,-0.12135155892775769
3.8636363636363633,-0.9090909090909092,-0.37100108466539533,-0.10512010153454501
4.09090909090909,-0.9090909090909092,-0.41376348199190893,-0.0908727112527316
4.318181818181818,-0.9090909090909092,-0.43304064123520547,-0.07837116989985228
4.545454545454545,-0.9090909090909092,-0.4301798426427596,-0.0674124331020326
4.772727272727272,-0.9090909090909092,-0.4072582873415111,-0.057820934225555405
5.0,-0.9090909090909092,-0.36697474239904715,-0.04944299132227775
-5.0,-0.6818181818181817,-0.3744452091028707,-0.8414641176263351
-4.7727272727272725,-0.6818181818181817,-0.4123833888182014,-0.9383058977563867
-4.545454545454546,-0.6818181818181817,-0.43220355103693314,-1.040680932060029
-4.318181818181818,-0.6818181818181817,-0.4311924838506371,-1.1479963799393358
-4.090909090909091,-0.6818181818181817,-0.4072787571691974,-1.259492208025292
-3.8636363636363638,-0.6818181818181817,-0.35914206160120693,-1.3742339268207424
-3.6363636363636367,-0.6818181818181817,-0.28629576326095546,-1.491107235728549
-3.409090909090909,-0.6818181818181817,-0.18913863484365007,-1.6088140670484885
-3.1818181818181817,-0.6818181818181817,-0.06897293721417948,-1.7258689732597638
-2.9545454545454546,-0.6818181818181817,0.07201262153317865,-1.8405939856856715
-2.7272727272727275,-0.6818181818181817,0.23079508775346438,-1.9511088212168561
-2.5,-0.6818181818181817,0.4036032067865658,-2.05531133294233
-2.272727272727273,-0.6818181818181817,0.586034277503664,-2.1508398602682837
-2.0454545454545454,-0.6818181818181817,0.7731977713435614,-2.235003677905547
-1.8181818181818183,-0.6818181818181817,0.9598804171658146,-2.3046583792519355
-1.5909090909090908,-0.6818181818181817,1.1407265103748256,-2.35598698946679
-1.3636363636363638,-0.6818181818181817,1.3104265141778277,-2.384121512063198
-1.1363636363636367,-0.6818181818181817,1.4639066138797363,-2.3825054372882217
-0.9090909090909092,-0.6818181818181817,1.5965117810505334,-2.341896198748424
-0.6818181818181817,-0.6818181818181817,1.704175109494683,-2.2491676402184915
-0.45454545454545503,-0.6818181818181817,1.7835666921499733,-2.0875218319552187
-0.22727272727272751,-0.6818181818181817,1.8322160972199337,-1.8442948915375936
0.0,-0.6818181818181817,1.8486035406433579,-1.5347061103245256
0.22727272727272751,-0.6818181818181817,1.8322160972199337,-1.2172003558931053
0.45454545454545414,-0.6818181818181817,1.7835666921499733,-0.9503448073609595
0.6818181818181817,-0.6818181818181817,1.704175109494683,-0.7497225467394972
0.9090909090909092,-0.6818181818181817,1.5965117810505334,-0.6032656424110941
1.1363636363636358,-0.6818181818181817,1.4639066138797368,-0.4949891152645022
1.3636363636363633,-0.6818181818181817,1.3104265141778277,-0.41277629683589884
1.5909090909090908,-0.6818181818181817,1.1407265103748256,-0.34856560029124045
1.8181818181818183,-0.6818181818181817,0.9598804171658146,-0.2971242272862479
2.045454545454545,-0.6818181818181817,0.7731977713435617,-0.25501912772009677
2.2727272727272725,-0.6818181818181817,0.5860342775036648,-0.21994631908681925
2.5,-0.6818181818181817,0.4036032067865658,-0.19031861936433403
2.7272727272727266,-0.6818181818181817,0.23079508775346505,-0.16501336809477601
2.954545454545454,-0.6818181818181817,0.07201262153317865,-0.14321582367013105
3.1818181818181817,-0.6818181818181817,-0.06897293721417948,-0.1243199176806127
3.4090909090909083,-0.6818181818181817,-0.18913863484364962,-0.1078639586101888
3.6363636363636367,-0.6818181818181817,-0.28629576326095546,-0.09348808947717632
3.8636363636363633,-0.6818181818181817,-0.3591420616012068,-0.080905594074433
4.09090909090909,-0.6818181818181817,-0.40727875716919726,-0.06988321434381464
4.318181818181818,-0.6818181818181817,-0.4311924838506371,-0.06022745171472981
4.545454545454545,-0.6818181818181817,-0.4322035510369332,-0.05177491541107348
4.772727272727272,-0.6818181818181817,-0.4123833888182015,-0.044385451395258374
5.0,-0.6818181818181817,-0.3744452091028707,-0.03793720713090639
-5.0,-0.45454545454545503,-0.37958355379551106,-0.8651233253079376
-4.7727272727272725,-0.45454545454545503,-0.41576054005172847,-0.9653763974086033
-4.545454545454546,-0.45454545454545503,-0.43326833943120036,-1.071545266086982
-4.318181818181818,-0.45454545454545503,-0.429383882961596,-1.183068261312261
-4.090909090909091,-0.45454545454545503,-0.40204057855894426,-1.2992197051207186
-3.8636363636363638,-0.45454545454545503,-0.3499383508317855,-1.4191038662703175
-3.6363636363636367,-0.45454545454545503,-0.2726264404176205,-1.5416513190989534
-3.409090909090909,-0.45454545454545503,-0.1705548993509682,-1.665617363871668
-3.1818181818181817,-0.45454545454545503,-0.04509194881346752,-1.7895816740557742
-2.9545454545454546,-0.45454545454545503,0.10149426507806043,-1.911947586499748
-2.7272727272727275,-0.45454545454545503,0.2660895303155247,-2.030938266316144
-2.5,-0.45454545454545503,0.4448215835757945,-2.144585018814228
-2.272727272727273,-0.45454545454545503,0.6331793911466836,-2.2506996082946973
-2.0454545454545454,-0.45454545454545503,0.8261594811491121,-2.346816178077519
-1.8181818181818183,-0.45454545454545503,1.0184339478822075,-2.430076238242082
-1.5909090909090908,-0.45454545454545503,1.204533797934342,-2.4970054499680825
-1.3636363636363638,-0.45454545454545503,1.3790406117916358,-2.5430778643540886
-1.1363636363636367,-0.45454545454545503,1.5367790856121069,-2.561844447875505
-0.9090909090909092,-0.45454545454545503,1.673002914988452,-2.5431331218845075
-0.6818181818181817,-0.45454545454545503,1.7835666921499733,-2.4692781270190474
-0.45454545454545503,-0.45454545454545503,1.8650770029605759,-2.3080122502663634
-0.22727272727272751,-0.45454545454545503,1.91501670987469,-2.0083416026278464
0.0,-0.45454545454545503,1.931837458995667,-1.554652622488601
0.22727272727272751,-0.45454545454545503,1.91501670987469,-1.0929437725558608
0.45454545454545414,-0.45454545454545503,1.865077002960576,-0.7693374167554555
0.6818181818181817,-0.45454545454545503,1.7835666921499733,-0.56858851229713
0.9090909090909092,-0.45454545454545503,1.673002914988452,-0.4403068665337307
1.1363636363636358,-0.45454545454545503,1.5367790856121075,-0.3530487829703663
1.3636363636363633,-0.45454545454545503,1.379040611791636,-0.29017111027737413
1.5909090909090908,-0.45454545454545503,1.204533797934342,-0.2426980985090629
1.8181818181818183,-0.45454545454545503,1.0184339478822075,-0.20552162977220276
2.045454545454545,-0.45454545454545503,0.8261594811491125,-0.17556935149058386
2.2727272727272725,-0.45454545454545503,0.6331793911466841,-0.1508995814777089
2.5,-0.45454545454545503,0.4448215835757945,-0.1302312935768594
2.7272727272727266,-0.45454545454545503,0.2660895303155254,-0.11268707601339645
2.954545454545454,-0.45454545454545503,0.10149426507806075,-0.09764571731621584
3.1818181818181817,-0.45454545454545503,-0.04509194881346752,-0.08465404576650182
3.4090909090909083,-0.45454545454545503,-0.17055489935096776,-0.07337225544669783
3.6363636363636367,-0.45454545454545503,-0.2726264404176205,-0.06353892634376135
3.8636363636363633,-0.45454545454545503,-0.34993835083178537,-0.05494804310021557
4.09090909090909,-0.45454545454545503,-0.40204057855894415,-0.04743355491028473
4.318181818181818,-0.45454545454545503,-0.429383882961596,-0.04085880576446014
4.545454545454545,-0.45454545454545503,-0.43326833943120036,-0.035109185080101045
4.772727272727272,-0.45454545454545503,-0.4157605400517286,-0.030086950771077287
5.0,-0.45454545454545503,-0.37958355379551106,-0.0257075422805793
-5.0,-0.22727272727272751,-0.3825837971581838,-0.8847793536414607
-4.7727272727272725,-0.22727272727272751,-0.41766897815539894,-0.9880113566124082
-4.545454545454546,-0.22727272727272751,-0.43374975617136996,-1.0975268619761205
-4.318181818181818,-0.22727272727272751,-0.4280973370643983,-1.212801731708569
-4.090909090909091,-0.22727272727272751,-0.3986483238252157,-1.333152925678448
-3.8636363636363638,-0.22727272727272751,-0.34411517612813364,-1.4577341525890013
-3.6363636363636367,-0.22727272727272751,-0.2640691529134573,-1.5855346340204974
-3.409090909090909,-0.22727272727272751,-0.15899166019097694,-1.715380941787692
-3.1818181818181817,-0.22727272727272751,-0.03029116575185823,-1.8459415285889225
-2.9545454545454546,-0.22727272727272751,0.11971577818455553,-1.9757330658143464
-2.7272727272727275,-0.22727272727272751,0.287859401828872,-2.103126917214264
-2.5,-0.22727272727272751,0.4702059897380006,-2.2263527853523257
-2.272727272727273,-0.22727272727272751,0.662178634446663,-2.343494292422273
-2.0454545454545454,-0.22727272727272751,0.8587052146297548,-2.4524669490673445
-1.8181818181818183,-0.22727272727272751,1.054388169869752,-2.5509601801888735
-1.5909090909090908,-0.22727272727272751,1.2436896879045958,-2.6363057106129077
-1.3636363636363638,-0.22727272727272751,1.421125221113484,-2.7051880793682375
-1.1363636363636367,-0.22727272727272751,1.5814578386727942,-2.752989427775057
-0.9090909090909092,-0.22727272727272751,1.7198858187174175,-2.7721896814983342
-0.6818181818181817,-0.22727272727272751,1.8322160972199337,-2.7479479796084547
-0.45454545454545503,-0.22727272727272751,1.91501670987469,-2.6435864601477146
-0.22727272727272751,-0.22727272727272751,1.9657421695111803,-2.3440554419437443
0.0,-0.22727272727272751,1.9828267815201412,-1.566744752240309
0.22727272727272751,-0.22727272727272751,1.9657421695111803,-0.7813518139812481
0.45454545454545414,-0.22727272727272751,1.9150167098746902,-0.4576989150359936
0.6818181818181817,-0.22727272727272751,1.8322160972199337,-0.31354726782224424
0.9090909090909092,-0.22727272727272751,1.7198858187174175,-0.2344555830854817
1.1363636363636358,-0.22727272727272751,1.5814578386727949,-0.18457592071941195
1.3636363636363633,-0.22727272727272751,1.4211252211134842,-0.15009798169948402
1.5909090909090908,-0.22727272727272751,1.2436896879045958,-0.12470732546949391
1.8181818181818183,-0.22727272727272751,1.054388169869752,-0.10513743865871222
2.045454545454545,-0.22727272727272751,0.8587052146297551,-0.08953776273231281
2.2727272727272725,-0.22727272727272751,0.6621786344466634,-0.07678460019451487
2.5,-0.22727272727272751,0.4702059897380006,-0.06615710926596291
2.7272727272727266,-0.22727272727272751,0.28785940182887226,-0.05717160046232317
2.954545454545454,-0.22727272727272751,0.11971577818455584,-0.04949090856196914
3.1818181818181817,-0.22727272727272751,-0.03029116575185823,-0.04287204687875042
3.4090909090909083,-0.22727272727272751,-0.15899166019097624,-0.03713458538268693
3.6363636363636367,-0.22727272727272751,-0.2640691529134573,-0.032140824159322706
3.8636363636363633,-0.22727272727272751,-0.34411517612813347,-0.02778297202706296
4.09090909090909,-0.22727272727272751,-0.39864832382521553,-0.023974639490116786
4.318181818181818,-0.22727272727272751,-0.4280973370643983,-0.02064507288869732
4.545454545454545,-0.22727272727272751,-0.43374975617136996,-0.017735177162863772
4.772727272727272,-0.22727272727272751,-0.41766897815539905,-0.01519473216098112
5.0,-0.22727272727272751,-0.3825837971581838,-0.012980420303296656
-5.0,0.0,-0.3835697098652554,0.9000813650342092
-4.7727272727272725,0.0,-0.41828503512336357,1.0058003621905938
-4.545454545454546,0.0,-0.43388346077600903,1.1181460872859537
-4.318181818181818,0.0,-0.427634316288533,1.236636476482746
-4.090909090909091,0.0,-0.3974753189884727,1.3606370733398885
-3.8636363636363638,0.0,-0.34212317339271264,1.4893586459448525
-3.6363636363636367,0.0,-0.2611565609522319,1.6218587386500884
-3.409090909090909,0.0,-0.15506743763382563,1.7570475017030842
-3.1818181818181817,0.0,-0.025277799484203348,1.8936980143718287
-2.9545454545454546,0.0,0.12587954098136123,2.0304611681886393
-2.7272727272727275,0.0,0.29521615982429716,2.1658850118978163
-2.5,0.0,0.47877771528316515,2.2984382851502456
-2.272727272727273,0.0,0.6719651951392238,2.4265376915451444
-2.0454545454545454,0.0,0.8696834465503174,2.548578291569586
-1.8181818181818183,0.0,1.066511544100556,2.6629662408816692
-1.5909090909090908,0.0,1.2568885939381158,2.7681529675523366
-1.3636363636363638,0.0,1.4353078716842131,2.862669780933097
-1.1363636363636367,0.0,1.596511781050533,2.945161841159518
-0.9090909090909092,0.0,1.7356800182573662,3.0144203967048844
-0.6818181818181817,0.0,1.8486035406433579,3.0694122206490513
-0.45454545454545503,0.0,1.931837458995667,3.109305244977202
-0.22727272727272751,0.0,1.9828267815201412,3.133489504480618
0.0,0.0,2.0,0.0
0.22727272727272751,0.0,1.9828267815201412,0.0
0.45454545454545414,0.0,1.9318374589956673,0.0
0.6818181818181817,0.0,1.8486035406433579,0.0
0.9090909090909092,0.0,1.7356800182573662,0.0
1.1363636363636358,0.0,1.5965117810505336,0.0
1.3636363636363633,0.0,1.4353078716842136,0.0
1.5909090909090908,0.0,1.2568885939381158,0.0
1.8181818181818183,0.0,1.066511544100556,0.0
2.045454545454545,0.0,0.8696834465503178,0.0
2.2727272727272725,0.0,0.6719651951392241,0.0
2.5,0.0,0.47877771528316515,0.0
2.7272727272727266,0.0,0.2952161598242979,0.0
2.954545454545454,0.0,0.12587954098136156,0.0
3.1818181818181817,0.0,-0.025277799484203348,0.0
3.4090909090909083,0.0,-0.1550674376338252,0.0
3.6363636363636367,0.0,-0.2611565609522319,0.0
3.8636363636363633,0.0,-0.34212317339271253,0.0
4.09090909090909,0.0,-0.3974753189884726,0.0
4.318181818181818,0.0,-0.427634316288533,0.0
4.545454545454545,0.0,-0.4338834607760091,0.0
4.772727272727272,0.0,-0.4182850351233636,0.0
5.0,0.0,-0.3835697098652554,0.0
-5.0,0.22727272727272751,-0.3825837971581838,0.8847793536414607
-4.7727272727272725,0.22727272727272751,-0.41766897815539894,0.9880113566124082
-4.545454545454546,0.22727272727272751,-0.43374975617136996,1.0975268619761205
-4.318181818181818,0.22727272727272751,-0.4280973370643983,1.212801731708569
-4.090909090909091,0.22727272727272751,-0.3986483238252157,1.333152925678448
-3.8636363636363638,0.22727272727272751,-0.34411517612813364,1.4577341525890013
-3.6363636363636367,0.22727272727272751,-0.2640691529134573,1.5855346340204974
-3.409090909090909,0.22727272727272751,-0.15899166019097694,1.715380941787692
-3.1818181818181817,0.22727272727272751,-0.03029116575185823,1.8459415285889225
-2.9545454545454546,0.22727272727272751,0.11971577818455553,1.9757330658143464
-2.7272727272727275,0.22727272727272751,0.287859401828872,2.103126917214264
-2.5,0.22727272727272751,0.4702059897380006,2.2263527853523257
-2.272727272727273,0.22727272727272751,0.662178634446663,2.343494292422273
-2.0454545454545454,0.22727272727272751,0.8587052146297548,2.4524669490673445
-1.8181818181818183,0.22727272727272751,1.054388169869752,2.5509601801888735
-1.5909090909090908,0.22727272727272751,1.2436896879045958,2.6363057106129077
-1.3636363636363638,0.22727272727272751,1.421125221113484,2.7051880793682375
-1.1363636363636367,0.22727272727272751,1.5814578386727942,2.752989427775057
-0.9090909090909092,0.22727272727272751,1.7198858187174175,2.7721896814983342
-0.6818181818181817,0.22727272727272751,1.8322160972199337,2.7479479796084547
-0.45454545454545503,0.22727272727272751,1.91501670987469,2.6435864601477146
-0.22727272727272751,0.22727272727272751,1.9657421695111803,2.3440554419437443
0.0,0.22727272727272751,1.9828267815201412,1.566744752240309
0.22727272727272751,0.22727272727272751,1.9657421695111803,0.7813518139812481
0.45454545454545414,0.22727272727272751,1.9150167098746902,0.4576989150359936
0.6818181818181817,0.22727272727272751,1.8322160972199337,0.31354726782224424
0.9090909090909092,0.22727272727272751,1.7198858187174175,0.2344555830854817
1.1363636363636358,0.22727272727272751,1.5814578386727949,0.18457592071941195
1.3636363636363633,0.22727272727272751,1.4211252211134842,0.15009798169948402
1.5909090909090908,0.22727272727272751,1.2436896879045958,0.12470732546949391
1.8181818181818183,0.22727272727272751,1.054388169869752,0.10513743865871222
2.045454545454545,0.22727272727272751,0.8587052146297551,0.08953776273231281
2.2727272727272725,0.22727272727272751,0.6621786344466634,0.07678460019451487
2.5,0.22727272727272751,0.4702059897380006,0.06615710926596291
2.7272727272727266,0.22727272727272751,0.28785940182887226,0.05717160046232317
2.954545454545454,0.22727272727272751,0.11971577818455584,0.04949090856196914
3.1818181818181817,0.22727272727272751,-0.03029116575185823,0.04287204687875042
3.4090909090909083,0.22727272727272751,-0.15899166019097624,0.03713458538268693
3.6363636363636367,0.22727272727272751,-0.2640691529134573,0.032140824159322706
3.8636363636363633,0.22727272727272751,-0.34411517612813347,0.02778297202706296
4.09090909090909,0.22727272727272751,-0.39864832382521553,0.023974639490116786
4.318181818181818,0.22727272727272751,-0.4280973370643983,0.02064507288869732
4.545454545454545,0.22727272727272751,-0.43374975617136996,0.017735177162863772
4.772727272727272,0.22727272727272751,-0.41766897815539905,0.01519473216098112
5.0,0.22727272727272751,-0.3825837971581838,0.012980420303296656
-5.0,0.45454545454545414,-0.37958355379551106,0.8651233253079376
-4.7727272727272725,0.45454545454545414,-0.41576054005172847,0.9653763974086033
-4.545454545454546,0.45454545454545414,-0.43326833943120036,1.071545266086982
-4.318181818181818,0.45454545454545414,-0.429383882961596,1.183068261312261
-4.090909090909091,0.45454545454545414,-0.40204057855894426,1.2992197051207186
-3.8636363636363638,0.45454545454545414,-0.34993835083178537,1.4191038662703177
-3.6363636363636367,0.45454545454545414,-0.2726264404176203,1.5416513190989534
-3.409090909090909,0.45454545454545414,-0.1705548993509682,1.6656173638716683
-3.1818181818181817,0.45454545454545414,-0.04509194881346752,1.7895816740557744
-2.9545454545454546,0.45454545454545414,0.10149426507806075,1.9119475864997482
-2.7272727272727275,0.45454545454545414,0.2660895303155247,2.0309382663161446
-2.5,0.45454545454545414,0.4448215835757948,2.1445850188142286
-2.272727272727273,0.45454545454545414,0.6331793911466841,2.2506996082946977
-2.0454545454545454,0.45454545454545414,0.8261594811491121,2.346816178077519
-1.8181818181818183,0.45454545454545414,1.0184339478822078,2.4300762382420826
-1.5909090909090908,0.45454545454545414,1.2045337979343422,2.497005449968083
-1.3636363636363638,0.45454545454545414,1.379040611791636,2.5430778643540894
-1.1363636363636367,0.45454545454545414,1.5367790856121069,2.5618444478755054
-0.9090909090909092,0.45454545454545414,1.6730029149884522,2.5431331218845084
-0.6818181818181817,0.45454545454545414,1.7835666921499733,2.4692781270190483
-0.45454545454545503,0.45454545454545414,1.865077002960576,2.3080122502663643
-0.22727272727272751,0.45454545454545414,1.9150167098746902,2.0083416026278478
0.0,0.45454545454545414,1.9318374589956673,1.554652622488601
0.22727272727272751,0.45454545454545414,1.9150167098746902,1.0929437725558604
0.45454545454545414,0.45454545454545414,1.8650770029605763,0.7693374167554545
0.6818181818181817,0.45454545454545414,1.7835666921499733,0.5685885122971291
0.9090909090909092,0.45454545454545414,1.6730029149884522,0.44030686653373
1.1363636363636358,0.45454545454545414,1.5367790856121075,0.35304878297036574
1.3636363636363633,0.45454545454545414,1.3790406117916363,0.29017111027737363
1.5909090909090908,0.45454545454545414,1.2045337979343422,0.2426980985090624
1.8181818181818183,0.45454545454545414,1.0184339478822078,0.20552162977220237
2.045454545454545,0.45454545454545414,0.8261594811491125,0.17556935149058353
2.2727272727272725,0.45454545454545414,0.6331793911466843,0.15089958147770863
2.5,0.45454545454545414,0.4448215835757948,0.13023129357685917
2.7272727272727266,0.45454545454545414,0.2660895303155254,0.11268707601339624
2.954545454545454,0.45454545454545414,0.10149426507806106,0.09764571731621566
3.1818181818181817,0.45454545454545414,-0.04509194881346752,0.08465404576650165
3.4090909090909083,0.45454545454545414,-0.17055489935096754,0.07337225544669769
3.6363636363636367,0.45454545454545414,-0.2726264404176203,0.06353892634376122
3.8636363636363633,0.45454545454545414,-0.3499383508317852,0.05494804310021546
4.09090909090909,0.45454545454545414,-0.40204057855894415,0.04743355491028464
4.318181818181818,0.45454545454545414,-0.429383882961596,0.040858805764460056
4.545454545454545,0.45454545454545414,-0.43326833943120036,0.035109185080100976
4.772727272727272,0.45454545454545414,-0.4157605400517286,0.03008695077107723
5.0,0.45454545454545414,-0.37958355379551106,0.02570754228057925
-5.0,0.6818181818181817,-0.3744452091028707,0.8414641176263351
-4.7727272727272725,0.6818181818181817,-0.4123833888182014,0.9383058977563867
-4.545454545454546,0.6818181818181817,-0.43220355103693314,1.040680932060029
-4.318181818181818,0.6818181818181817,-0.4311924838506371,1.1479963799393358
-4.090909090909091,0.6818181818181817,-0.4072787571691974,1.259492208025292
-3.8636363636363638,0.6818181818181817,-0.35914206160120693,1.3742339268207424
-3.6363636363636367,0.6818181818181817,-0.28629576326095546,1.491107235728549
-3.409090909090909,0.6818181818181817,-0.18913863484365007,1.6088140670484885
-3.1818181818181817,0.6818181818181817,-0.06897293721417948,1.7258689732597638
-2.9545454545454546,0.6818181818181817,0.07201262153317865,1.8405939856856715
-2.7272727272727275,0.6818181818181817,0.23079508775346438,1.9511088212168561
-2.5,0.6818181818181817,0.4036032067865658,2.05531133294233
-2.272727272727273,0.6818181818181817,0.586034277503664,2.1508398602682837
-2.0454545454545454,0.6818181818181817,0.7731977713435614,2.235003677905547
-1.8181818181818183,0.6818181818181817,0.9598804171658146,2.3046583792519355
-1.5909090909090908,0.6818181818181817,1.1407265103748256,2.35598698946679
-1.3636363636363638,0.6818181818181817,1.3104265141778277,2.384121512063198
-1.1363636363636367,0.6818181818181817,1.4639066138797363,2.3825054372882217
-0.9090909090909092,0.6818181818181817,1.5965117810505334,2.341896198748424
-0.6818181818181817,0.6818181818181817,1.704175109494683,2.2491676402184915
-0.45454545454545503,0.6818181818181817,1.7835666921499733,2.0875218319552187
-0.22727272727272751,0.6818181818181817,1.8322160972199337,1.8442948915375936
0.0,0.6818181818181817,1.8486035406433579,1.5347061103245256
0.22727272727272751,0.6818181818181817,1.8322160972199337,1.2172003558931053
0.45454545454545414,0.6818181818181817,1.7835666921499733,0.9503448073609595
0.6818181818181817,0.6818181818181817,1.704175109494683,0.7497225467394972
0.9090909090909092,0.6818181818181817,1.5965117810505334,0.6032656424110941
1.1363636363636358,0.6818181818181817,1.4639066138797368,0.4949891152645022
1.3636363636363633,0.6818181818181817,1.3104265141778277,0.41277629683589884
1.5909090909090908,0.6818181818181817,1.1407265103748256,0.34856560029124045
1.8181818181818183,0.6818181818181817,0.9598804171658146,0.2971242272862479
2.045454545454545,0.6818181818181817,0.7731977713435617,0.25501912772009677
2.2727272727272725,0.6818181818181817,0.5860342775036648,0.21994631908681925
2.5,0.6818181818181817,0.4036032067865658,0.19031861936433403
2.7272727272727266,0.6818181818181817,0.23079508775346505,0.16501336809477601
2.954545454545454,0.6818181818181817,0.07201262153317865,0.14321582367013105
3.1818181818181817,0.6818181818181817,-0.06897293721417948,0.1243199176806127
3.4090909090909083,0.6818181818181817,-0.18913863484364962,0.1078639586101888
3.6363636363636367,0.6818181818181817,-0.28629576326095546,0.09348808947717632
3.8636363636363633,0.6818181818181817,-0.3591420616012068,0.080905594074433
4.09090909090909,0.6818181818181817,-0.40727875716919726,0.06988321434381464
4.318181818181818,0.6818181818181817,-0.4311924838506371,0.06022745171472981
4.545454545454545,0.6818181818181817,-0.4322035510369332,0.05177491541107348
4.772727272727272,0.6818181818181817,-0.4123833888182015,0.044385451395258374
5.0,0.6818181818181817,-0.3744452091028707,0.03793720713090639
-5.0,0.9090909090909092,-0.36697474239904715,0.814202912086869
-4.7727272727272725,0.9090909090909092,-0.40725828734151087,0.9072644416063587
-4.545454545454546,0.9090909090909092,-0.43017984264275955,1.0054708919080098
-4.318181818181818,0.9090909090909092,-0.43304064123520547,1.108206031240239
-4.090909090909091,0.9090909090909092,-0.41376348199190904,1.214685519443382
-3.8636363636363638,0.9090909090909092,-0.3710010846653954,1.3239490284861373
-3.6363636363636367,0.9090909090909092,-0.3042182904693139,1.4348540353189776
-3.409090909090909,0.9090909090909092,-0.2137441020065585,1.5460707627018688
-3.1818181818181817,0.9090909090909092,-0.10079074809513178,1.6560772410705367
-2.9545454545454546,0.9090909090909092,0.03256171120596872,1.7631527501051898
-2.7272727272727275,0.9090909090909092,0.18341531227233934,1.865366875233367
-2.5,0.9090909090909092,0.3481372873695284,1.9605599374352873
-2.272727272727273,0.9090909090909092,0.522473580671765,2.0463084298015417
-2.0454545454545454,0.9090909090909092,0.7016887312436129,2.1198661283164726
-1.8181818181818183,0.9090909090909092,0.8807269354432318,2.178067804885495
-1.5909090909090908,0.9090909090909092,1.0543881698697521,2.2171792389269616
-1.3636363636363638,0.9090909090909092,1.217512572784157,2.232680119544945
-1.1363636363636367,0.9090909090909092,1.3651658779182616,2.218994792339796
-0.9090909090909092,0.9090909090909092,1.4928185888598424,2.1692970723831735
-0.6818181818181817,0.9090909090909092,1.5965117810505334,2.0758465629908534
-0.45454545454545503,0.9090909090909092,1.673002914988452,1.93202686074285
-0.22727272727272751,0.9090909090909092,1.7198858187174175,1.7377782153773897
0.0,0.9090909090909092,1.7356800182573662,1.5072101983524422
0.22727272727272751,0.9090909090909092,1.7198858187174175,1.2688670492064265
0.45454545454545414,0.9090909090909092,1.6730029149884522,1.0514131276753893
0.6818181818181817,0.9090909090909092,1.5965117810505334,0.8693152781686652
0.9090909090909092,0.9090909090909092,1.4928185888598424,0.7230990241277245
1.1363636363636358,0.9090909090909092,1.3651658779182623,0.6069463478788827
1.3636363636363633,0.9090909090909092,1.2175125727841574,0.514108254439515
1.5909090909090908,0.9090909090909092,1.0543881698697521,0.43891837992062405
1.8181818181818183,0.9090909090909092,0.8807269354432318,0.37710106561644824
2.045454545454545,0.9090909090909092,0.7016887312436133,0.3255452384080216
2.2727272727272725,0.9090909090909092,0.5224735806717654,0.28200256316207956
2.5,0.9090909090909092,0.3481372873695284,0.24483713700954227
2.7272727272727266,0.9090909090909092,0.18341531227233968,0.21284270719669024
2.954545454545454,0.9090909090909092,0.03256171120596901,0.18511497108112715
3.1818181818181817,0.9090909090909092,-0.10079074809513178,0.1609635242874986
3.4090909090909083,0.9090909090909092,-0.21374410200655805,0.13985112824125753
3.6363636363636367,0.9090909090909092,-0.3042182904693139,0.12135155892775769
3.8636363636363633,0.9090909090909092,-0.37100108466539533,0.10512010153454501
4.09090909090909,0.9090909090909092,-0.41376348199190893,0.0908727112527316
4.318181818181818,0.9090909090909092,-0.43304064123520547,0.07837116989985228
4.545454545454545,0.9090909090909092,-0.4301798426427596,0.0674124331020326
4.772727272727272,0.9090909090909092,-0.4072582873415111,0.057820934225555405
5.0,0.9090909090909092,-0.36697474239904715,0.04944299132227775
-5.0,1.1363636363636358,-0.3569255212522521,0.7837792280498752
-4.7727272727272725,1.1363636363636358,-0.4000242085528644,0.8727565731159902
-4.545454545454546,1.1363636363636358,-0.42670663739201314,0.9664927307148866
-4.318181818181818,1.1363636363636358,-0.4342936786753685,1.0643567654349935
-4.090909090909091,1.1363636363636358,-0.42070238031968504,1.1655511296401049
-3.8636363636363638,1.1363636363636358,-0.38455305300123144,1.2691037951420352
-3.6363636363636367,1.1363636363636358,-0.32525099556297343,1.3738620698610016
-3.409090909090909,1.1363636363636358,-0.2430388966416207,1.4784876883647735
-3.1818181818181817,1.1363636363636358,-0.13901711302373448,1.581452375498186
-2.9545454545454546,1.1363636363636358,-0.015130325926680966,1.681032575859404
-2.7272727272727275,1.1363636363636358,0.12587954098136123,1.7753014048182647
-2.5,1.1363636363636358,0.2805528524038661,1.8621151245096397
-2.272727272727273,1.1363636363636358,0.4448215835757948,1.9390906915181931
-2.0454545454545454,1.1363636363636358,0.6141445050778926,2.0035705407749878
-1.8181818181818183,1.1363636363636358,0.7836631829950959,2.052571840376499
-1.5909090909090908,1.1363636363636358,0.9483728304373265,2.082722766543304
-1.3636363636363638,1.1363636363636358,1.1033013726738787,2.090204587008385
-1.1363636363636367,1.1363636363636358,1.243689687904596,2.070759777061802
-0.9090909090909092,1.1363636363636358,1.3651658779182623,2.0199169179882217
-0.6818181818181817,1.1363636363636358,1.4639066138797368,1.933736391540864
-0.45454545454545503,1.1363636363636358,1.5367790856121075,1.8104953983933016
-0.22727272727272751,1.1363636363636358,1.5814578386727949,1.6533585949666465
0.0,1.1363636363636358,1.5965117810505336,1.4725809205797593
0.22727272727272751,1.1363636363636358,1.5814578386727949,1.2842067535278225
0.45454545454545414,1.1363636363636358,1.5367790856121075,1.1043978324525698
0.6818181818181817,1.1363636363636358,1.4639066138797368,0.9437581610118596
0.9090909090909092,1.1363636363636358,1.3651658779182623,0.8060242222304567
1.1363636363636358,1.1363636363636358,1.2436896879045964,0.6902532590206005
1.3636363636363633,1.1363636363636358,1.1033013726738792,0.5934742766440319
1.5909090909090908,1.1363636363636358,0.9483728304373265,0.5123490296718591
1.8181818181818183,1.1363636363636358,0.7836631829950959,0.443890120717953
2.045454545454545,1.1363636363636358,0.614144505077893,0.3856556770038937
2.2727272727272725,1.1363636363636358,0.4448215835757952,0.3357256208728948
2.5,1.1363636363636358,0.2805528524038661,0.29261130825993104
2.7272727272727266,1.1363636363636358,0.12587954098136186,0.2551597633703746
2.954545454545454,1.1363636363636358,-0.015130325926680689,0.22247224220546202
3.1818181818181817,1.1363636363636358,-0.13901711302373448,0.19384052386434755
3.4090909090909083,1.1363636363636358,-0.24303889664162012,0.16869889045776373
3.6363636363636367,1.1363636363636358,-0.32525099556297343,0.14658854087150242
3.8636363636363633,1.1363636363636358,-0.38455305300123144,0.12713140639677503
4.09090909090909,1.1363636363636358,-0.4207023803196849,0.11001092755040974
4.318181818181818,1.1363636363636358,-0.4342936786753685,0.09495794004130174
4.545454545454545,1.1363636363636358,-0.42670663739201325,0.08174030018218797
4.772727272727272,1.1363636363636358,-0.4000242085528647,0.07015524683727481
5.0,1.1363636363636358,-0.3569255212522521,0.06002376697191576
-5.0,1.3636363636363633,-0.34402152148593607,0.750658792305039
-4.7727272727272725,1.3636363636363633,-0.3902662239333577,0.8353127040137965
-4.545454545454546,1.3636363636363633,-0.4212112524778726,0.9243482403541673
-4.318181818181818,1.3636363636363633,-0.4342030326851928,1.0171288072288596
-4.090909090909091,1.3636363636363633,-0.42715403901240606,1.1128550431707687
-3.8636363636363638,1.3636363636363633,-0.3986483238252157,1.2105575255399268
-3.6363636363636367,1.3636363636363633,-0.34802263308893616,1.309091366696602
-3.409090909090909,1.3636363636363633,-0.2754191976068624,1.4071324818505868
-3.1818181818181817,1.3636363636363633,-0.181807419217577,1.5031750607210432
-2.9545454545454546,1.3636363636363633,-0.06897293721417948,1.5955295028740484
-2.7272727272727275,1.3636363636363633,0.06052609213039883,1.6823198313939494
-2.5,1.3636363636363633,0.2034342983140711,1.761479499543232
-2.272727272727273,1.3636363636363633,0.35590344040626876,1.8307448147669705
-2.0454545454545454,1.3636363636363633,0.5136220073890954,1.8876464911500892
-1.8181818181818183,1.3636363636363633,0.6719651951392241,1.9295032675392998
-1.5909090909090908,1.3636363636363633,0.8261594811491125,1.9534293179331574
-1.3636363636363638,1.3636363636363633,0.9714553557094175,1.956383078174585
-1.1363636363636367,1.3636363636363633,1.1033013726738785,1.9353137084702403
-0.9090909090909092,1.3636363636363633,1.2175125727841574,1.887502441431745
-0.6818181818181817,1.3636363636363633,1.3104265141778277,1.8112252012854473
-0.45454545454545503,1.3636363636363633,1.379040611791636,1.7067955975931057
-0.22727272727272751,1.3636363636363633,1.4211252211134842,1.5777410122333448
0.0,1.3636363636363633,1.4353078716842136,1.4313348904665488
0.22727272727272751,1.3636363636363633,1.4211252211134842,1.277545048834377
0.45454545454545414,1.3636363636363633,1.3790406117916363,1.126453377038358
0.6818181818181817,1.3636363636363633,1.3104265141778277,0.9856726076136494
0.9090909090909092,1.3636363636363633,1.2175125727841574,0.8592859325527149
1.1363636363636358,1.3636363636363633,1.1033013726738792,0.7483651551821766
1.3636363636363633,1.3636363636363633,0.9714553557094179,0.6521276927248615
1.5909090909090908,1.3636363636363633,0.8261594811491125,0.5689562116349453
1.8181818181818183,1.3636363636363633,0.6719651951392241,0.497034424005845
2.045454545454545,1.3636363636363633,0.5136220073890954,0.4346590602337791
2.2727272727272725,1.3636363636363633,0.3559034404062691,0.38035537797891317
2.5,1.3636363636363633,0.2034342983140711,0.3328944527006813
2.7272727272727266,1.3636363636363633,0.060526092130399126,0.29126944519511583
2.954545454545454,1.3636363636363633,-0.06897293721417923,0.25465938806632804
3.1818181818181817,1.3636363636363633,-0.181807419217577,0.22239304364818857
3.4090909090909083,1.3636363636363633,-0.27541919760686207,0.19391747637425716
3.6363636363636367,1.3636363636363633,-0.34802263308893616,0.16877241515641841
3.8636363636363633,1.3636363636363633,-0.3986483238252157,0.14657003962863807
4.09090909090909,1.3636363636363633,-0.427154039012406,0.12697935363322196
4.318181818181818,1.3636363636363633,-0.4342030326851928,0.1097142502826247
4.545454545454545,1.3636363636363633,-0.4212112524778728,0.09452446775601339
4.772727272727272,1.3636363636363633,-0.39026622393335786,0.08118877150516562
5.0,1.3636363636363633,-0.34402152148593607,0.06950983175900292
-5.0,1.5909090909090908,-0.32798474952303824,0.7153217636641033
-4.7727272727272725,1.5909090909090908,-0.3775485966676223,0.7954757007291223
-4.545454545454546,1.5909090909090908,-0.41307811631601155,0.8796482282168656
-4.318181818181818,1.5909090909090908,-0.43195200914728765,0.9672059700105643
-4.090909090909091,1.5909090909090908,-0.43208066791168914,1.057358738233623
-3.8636363636363638,1.5909090909090908,-0.4120098602213577,1.1491532499364634
-3.6363636363636367,1.5909090909090908,-0.3710010846653955,1.241469050706905
-3.409090909090909,1.5909090909090908,-0.30908475082691356,1.3330166445571474
-3.1818181818181817,1.5909090909090908,-0.22708342579257845,1.4223377092506382
-2.9545454545454546,1.5909090909090908,-0.12660361538597165,1.5078072006707226
-2.7272727272727275,1.5909090909090908,-0.00999585554291603,1.5876371976083663
-2.5,1.5909090909090908,0.11971577818455553,1.6598826571318168
-2.272727272727273,1.5909090909090908,0.25893233483053707,1.7224501093479139
-2.0454545454545454,1.5909090909090908,0.4036032067865658,1.7731121871398232
-1.8181818181818183,1.5909090909090908,0.5493692155621219,1.8095345158165854
-1.5909090909090908,1.5909090909090908,0.6917199984794559,1.8293279150177844
-1.3636363636363638,1.5909090909090908,0.8261594811491121,1.8301489764189967
-1.1363636363636367,1.5909090909090908,0.948372830437326,1.8098849277794407
-0.9090909090909092,1.5909090909090908,1.0543881698697521,1.7669671893444168
-0.6818181818181817,1.5909090909090908,1.1407265103748256,1.7008418951702557
-0.45454545454545503,1.5909090909090908,1.204533797934342,1.6125498727476355
-0.22727272727272751,1.5909090909090908,1.2436896879045958,1.5052138435106948
0.0,1.5909090909090908,1.2568885939381158,1.3840764837761683
0.22727272727272751,1.5909090909090908,1.2436896879045958,1.255799192571707
0.45454545454545414,1.5909090909090908,1.2045337979343422,1.1271536757295102
0.6818181818181817,1.5909090909090908,1.1407265103748256,1.0037106945877747
0.9090909090909092,1.5909090909090908,1.0543881698697521,0.8891304295031687
1.1363636363636358,1.5909090909090908,0.9483728304373265,0.7851868684357224
1.3636363636363633,1.5909090909090908,0.8261594811491125,0.6922365531491059
1.5909090909090908,1.5909090909090908,0.6917199984794559,0.6097759716725948
1.8181818181818183,1.5909090909090908,0.5493692155621219,0.5368861424330187
2.045454545454545,1.5909090909090908,0.4036032067865658,0.47251776516684074
2.2727272727272725,1.5909090909090908,0.25893233483053707,0.4156461534037087
2.5,1.5909090909090908,0.11971577818455553,0.36534131724449864
2.7272727272727266,1.5909090909090908,-0.00999585554291547,0.32079005065732147
2.954545454545454,1.5909090909090908,-0.12660361538597165,0.2812939744286853
3.1818181818181817,1.5909090909090908,-0.22708342579257845,0.2462572857565705
3.4090909090909083,1.5909090909090908,-0.3090847508269133,0.21517142190402697
3.6363636363636367,1.5909090909090908,-0.3710010846653955,0.1876000793137767
3.8636363636363633,1.5909090909090908,-0.4120098602213577,0.16316601297339228
4.09090909090909,1.5909090909090908,-0.4320806679116891,0.14154002670451785
4.318181818181818,1.5909090909090908,-0.43195200914728765,0.12243209246949775
4.545454545454545,1.5909090909090908,-0.4130781163160118,0.10558434359376229
4.772727272727272,1.5909090909090908,-0.3775485966676225,0.09076563109398463
5.0,1.5909090909090908,-0.32798474952303824,0.0777673399824112
-5.0,1.8181818181818183,-0.30856522263979586,0.6782516956964826
-4.7727272727272725,1.8181818181818183,-0.3614512053133162,0.7537885707412959
-4.545454545454546,1.8181818181818183,-0.4016921645402555,0.8329989255210833
-4.318181818181818,1.8181818181818183,-0.42670663739201314,0.9152608613116625
-4.090909090909091,1.8181818181818183,-0.4344068435204367,0.9998033722264477
-3.8636363636363638,1.8181818181818183,-0.42330023106086706,1.0857013499842079
-3.6363636363636367,1.8181818181818183,-0.3925689069720951,1.1718731423750361
-3.409090909090909,1.8181818181818183,-0.34212317339271264,1.2570808618832607
-3.1818181818181817,1.8181818181818183,-0.2726264404176203,1.339933615944364
-2.9545454545454546,1.8181818181818183,-0.18548996620500863,1.4188938821652128
-2.7272727272727275,1.8181818181818183,-0.08283713707696212,1.4922874576032208
-2.5,1.8181818181818183,0.03256171120596872,1.5583178953789592
-2.272727272727273,1.8181818181818183,0.1573816706521519,1.6150872949936566
-2.0454545454545454,1.8181818181818183,0.287859401828872,1.6606269992631293
-1.8181818181818183,1.8181818181818183,0.4199285653059885,1.6929444668707339
-1.5909090909090908,1.8181818181818183,0.5493692155621219,1.7100964715578209
-1.3636363636363638,1.8181818181818183,0.6719651951392238,1.710303269778417
-1.1363636363636367,1.8181818181818183,0.7836631829950954,1.692121101265179
-0.9090909090909092,1.8181818181818183,0.8807269354432318,1.65468550086742
-0.6818181818181817,1.8181818181818183,0.9598804171658146,1.5980155305553396
-0.45454545454545503,1.8181818181818183,1.0184339478822075,1.5233205637793452
-0.22727272727272751,1.8181818181818183,1.054388169869752,1.433186248082505
0.0,1.8181818181818183,1.066511544100556,1.3314831204408346
0.22727272727272751,1.8181818181818183,1.054388169869752,1.2229113707650805
0.45454545454545414,1.8181818181818183,1.0184339478822078,1.11227730423494
0.6818181818181817,1.8181818181818183,0.9598804171658146,1.0037670759828439
0.9090909090909092,1.8181818181818183,0.8807269354432318,0.9004833696345234
1.1363636363636358,1.8181818181818183,0.7836631829950959,0.8043408598292731
1.3636363636363633,1.8181818181818183,0.6719651951392241,0.7162344217667275
1.5909090909090908,1.8181818181818183,0.5493692155621219,0.6363241866917835
1.8181818181818183,1.8181818181818183,0.4199285653059885,0.5643148222902447
2.045454545454545,1.8181818181818183,0.287859401828872,0.4996715184134584
2.2727272727272725,1.8181818181818183,0.1573816706521522,0.44176369344623206
2.5,1.8181818181818183,0.03256171120596872,0.3899498258073576
2.7272727272727266,1.8181818181818183,-0.08283713707696161,0.34362168285295636
2.954545454545454,1.8181818181818183,-0.18548996620500863,0.302223442873426
3.1818181818181817,1.8181818181818183,-0.2726264404176203,0.2652566294983506
3.4090909090909083,1.8181818181818183,-0.3421231733927124,0.23227778406159194
3.6363636363636367,1.8181818181818183,-0.3925689069720951,0.20289295391341325
3.8636363636363633,1.8181818181818183,-0.42330023106086706,0.17675124398415212
4.09090909090909,1.8181818181818183,-0.4344068435204367,0.15353857624542044
4.318181818181818,1.8181818181818183,-0.42670663739201314,0.13297216958541197
4.545454545454545,1.8181818181818183,-0.40169216454025564,0.11479590695474286
4.772727272727272,1.8181818181818183,-0.36145120531331637,0.09877657850540052
5.0,1.8181818181818183,-0.30856522263979586,0.08470090619286424
-5.0,2.045454545454545,-0.2855716853689243,0.6399255168410566
-4.7727272727272725,2.045454545454545,-0.3416072155506039,0.7107835229514355
-4.545454545454546,2.045454545454545,-0.3864840577897563,0.7849902383560982
-4.318181818181818,2.045454545454545,-0.41766897815539894,0.8619425441507087
-4.090909090909091,2.045454545454545,-0.4330813922860184,0.9408972399520562
-3.8636363636363638,2.045454545454545,-0.4311924838506371,1.0209674555557129
-3.6363636363636367,2.045454545454545,-0.41110352632306485,1.1011219254797253
-3.409090909090909,2.045454545454545,-0.37259970981618745,1.1801874713434175
-3.1818181818181817,2.045454545454545,-0.3161767761955931,1.2568550659311661
-2.9545454545454546,2.045454545454545,-0.24303889664162054,1.3296899607845598
-2.7272727272727275,2.045454545454545,-0.15506743763382563,1.3971466042215361
-2.5,2.045454545454545,-0.05476150136604305,1.4575895383607786
-2.272727272727273,2.045454545454545,0.054847659427959015,1.5093222382323401
-2.0454545454545454,2.045454545454545,0.17030511787860486,1.5506270285004586
-1.8181818181818183,2.045454545454545,0.287859401828872,1.5798207772517523
-1.5909090909090908,2.045454545454545,0.4036032067865658,1.5953327413201728
-1.3636363636363638,2.045454545454545,0.5136220073890954,1.5958118359257134
-1.1363636363636367,2.045454545454545,0.6141445050778926,1.5802687858933349
-0.9090909090909092,2.045454545454545,0.7016887312436133,1.5482509217702687
-0.6818181818181817,2.045454545454545,0.7731977713435617,1.5000305305329187
-0.45454545454545503,2.045454545454545,0.8261594811491125,1.4367621162746351
-0.22727272727272751,2.045454545454545,0.8587052146297551,1.3605401186321415
0.0,2.045454545454545,0.8696834465503178,1.274289145784793
0.22727272727272751,2.045454545454545,0.8587052146297551,1.181464593167516
0.45454545454545414,2.045454545454545,0.8261594811491125,1.0856234132934677
0.6818181818181817,2.045454545454545,0.7731977713435617,0.989992275092725
0.9090909090909092,2.045454545454545,0.7016887312436133,0.8971604449542256
1.1363636363636358,2.045454545454545,0.614144505077893,0.8089574318855471
1.3636363636363633,2.045454545454545,0.5136220073890954,0.726493715458155
1.5909090909090908,2.045454545454545,0.4036032067865658,0.6502972109864911
1.8181818181818183,2.045454545454545,0.287859401828872,0.5804777404248354
2.045454545454545,2.045454545454545,0.1703051178786052,0.5168756761668196
2.2727272727272725,2.045454545454545,0.054847659427959314,0.4591765349236351
2.5,2.045454545454545,-0.05476150136604305,0.40699017134566184
2.7272727272727266,2.045454545454545,-0.1550674376338252,0.3599008974815482
2.954545454545454,2.045454545454545,-0.24303889664162054,0.31749661803797746
3.1818181818181817,2.045454545454545,-0.3161767761955931,0.27938409120516466
3.4090909090909083,2.045454545454545,-0.3725997098161872,0.24519564284875026
3.6363636363636367,2.045454545454545,-0.41110352632306485,0.21459097211471925
3.8636363636363633,2.045454545454545,-0.431192483850637,0.1872563760983529
4.09090909090909,2.045454545454545,-0.43308139228601844,0.16290280358840745
4.318181818181818,2.045454545454545,-0.41766897815539894,0.14126354462268062
4.545454545454545,2.045454545454545,-0.3864840577897567,0.1220919836513335
4.772727272727272,2.045454545454545,-0.34160721555060414,0.10515961525354695
5.0,2.045454545454545,-0.2855716853689243,0.09025438886737808
-5.0,2.2727272727272725,-0.2589011605480669,0.6008047083581802
-4.7727272727272725,2.2727272727272725,-0.3177398175670214,0.6669725476542153
-4.545454545454546,2.2727272727272725,-0.366974742399047,0.7361859166150476
-4.318181818181818,2.2727272727272725,-0.4041300964866085,0.8078666029256528
-4.090909090909091,2.2727272727272725,-0.427139303136179,0.8813062188161356
-3.8636363636363638,2.2727272727272725,-0.4344414498590579,0.9556640017351452
-3.6363636363636367,2.2727272727272725,-0.4250583027529366,1.029967705051333
-3.409090909090909,2.2727272727272725,-0.3986483238252157,1.1031180134358012
-3.1818181818181817,2.2727272727272725,-0.3555350326571245,1.1738969639776071
-2.9545454545454546,2.2727272727272725,-0.29670813132066826,1.2409809632446038
-2.7272727272727275,2.2727272727272725,-0.22379696933026347,1.3029591967011624
-2.5,2.2727272727272725,-0.13901711302373448,1.3583585664604323
-2.272727272727273,2.2727272727272725,-0.04509194881346752,1.405676789866707
-2.0454545454545454,2.2727272727272725,0.054847659427959015,1.4434259215016227
-1.8181818181818183,2.2727272727272725,0.1573816706521522,1.4701891876661763
-1.5909090909090908,2.2727272727272725,0.25893233483053707,1.48469428477952
-1.3636363636363638,2.2727272727272725,0.35590344040626876,1.4859054743518552
-1.1363636363636367,2.2727272727272725,0.4448215835757948,1.4731337770684387
-0.9090909090909092,2.2727272727272725,0.5224735806717654,1.4461580596438903
-0.6818181818181817,2.2727272727272725,0.5860342775036648,1.405339408764371
-0.45454545454545503,2.2727272727272725,0.6331793911466841,1.351699176363912
-0.22727272727272751,2.2727272727272725,0.6621786344466634,1.2869240465029086
0.0,2.2727272727272725,0.6719651951392241,1.2132688457725724
0.22727272727272751,2.2727272727272725,0.6621786344466634,1.1333548461138787
0.45454545454545414,2.2727272727272725,0.6331793911466843,1.0499000134084946
0.6818181818181817,2.2727272727272725,0.5860342775036648,0.9654467705907323
0.9090909090909092,2.2727272727272725,0.5224735806717654,0.8821529333197312
1.1363636363636358,2.2727272727272725,0.4448215835757952,0.8016825353226493
1.3636363636363633,2.2727272727272725,0.3559034404062691,0.7251947183940287
1.5909090909090908,2.2727272727272725,0.25893233483053707,0.6534019779721025
1.8181818181818183,2.2727272727272725,0.1573816706521522,0.5866618007737121
2.045454545454545,2.2727272727272725,0.054847659427959314,0.5250728516543525
2.2727272727272725,2.2727272727272725,-0.04509194881346725,0.4685589299555691
2.5,2.2727272727272725,-0.13901711302373448,0.4169343329021011
2.7272727272727266,2.2727272727272725,-0.22379696933026325,0.36995075580886644
2.954545454545454,2.2727272727272725,-0.29670813132066826,0.3273288398097838
3.1818181818181817,2.2727272727272725,-0.3555350326571245,0.2887782186329519
3.4090909090909083,2.2727272727272725,-0.39864832382521553,0.2540095517327639
3.6363636363636367,2.2727272727272725,-0.4250583027529366,0.22274128482975167
3.8636363636363633,2.2727272727272725,-0.4344414498590579,0.1947031174660812
4.09090909090909,2.2727272727272725,-0.427139303136179,0.16963752438374918
4.318181818181818,2.2727272727272725,-0.4041300964866085,0.14730020315154907
4.545454545454545,2.2727272727272725,-0.36697474239904737,0.12745998679409856
4.772727272727272,2.2727272727272725,-0.3177398175670219,0.109898535946145
5.0,2.2727272727272725,-0.2589011605480669,0.09440998003155603
-5.0,2.5,-0.22856545626592412,0.561327775510706
-4.7727272727272725,2.5,-0.28969586064231273,0.6228395584692469
-4.545454545454546,2.5,-0.34281687920757237,0.687115593686694
-4.318181818181818,2.5,-0.38551990379150936,0.7536074234960635
-4.090909090909091,2.5,-0.41576054005172847,0.8216467891864577
-3.8636363636363638,2.5,-0.43195200914728765,0.890444700568727
-3.6363636363636367,2.5,-0.43304064123520547,0.9590937199057243
-3.409090909090909,2.5,-0.41855994959841225,1.026573929320931
-3.1818181818181817,2.5,-0.38866067068722354,1.0917630892324817
-2.9545454545454546,2.5,-0.34411517612813347,1.153451572945986
-2.7272727272727275,2.5,-0.28629576326095546,1.2103627934712504
-2.5,2.5,-0.21712746254366178,1.2611800286889283
-2.272727272727273,2.5,-0.13901711302373473,1.3045807825833677
-2.0454545454545454,2.5,-0.05476150136604305,1.3392800261988822
-1.8181818181818183,2.5,0.03256171120596872,1.3640836864005161
-1.5909090909090908,2.5,0.11971577818455553,1.3779533044326564
-1.3636363636363638,2.5,0.20343429831407076,1.380081428822638
-1.1363636363636367,2.5,0.2805528524038661,1.3699745246447166
-0.9090909090909092,2.5,0.3481372873695284,1.347535674231957
-0.6818181818181817,2.5,0.4036032067865658,1.313133595517666
-0.45454545454545503,2.5,0.4448215835757945,1.2676394497724033
-0.22727272727272751,2.5,0.4702059897380006,1.212412056575107
0.0,2.5,0.47877771528316515,1.1492191425751228
0.22727272727272751,2.5,0.4702059897380006,1.0800978380431814
0.45454545454545414,2.5,0.4448215835757948,1.0071768626186848
0.6818181818181817,2.5,0.4036032067865658,0.9324963567889979
0.9090909090909092,2.5,0.3481372873695284,0.8578614002128725
1.1363636363636358,2.5,0.2805528524038661,0.7847519081248542
1.3636363636363633,2.5,0.2034342983140711,0.7142925234212754
1.5909090909090908,2.5,0.11971577818455553,0.6472706699436591
1.8181818181818183,2.5,0.03256171120596872,0.5841840347858008
2.045454545454545,2.5,-0.05476150136604305,0.5252996835075584
2.2727272727272725,2.5,-0.13901711302373448,0.47071211677916563
2.5,2.5,-0.21712746254366178,0.4203933428963094
2.7272727272727266,2.5,-0.28629576326095507,0.3742325317344754
2.954545454545454,2.5,-0.34411517612813347,0.3320655516700786
3.1818181818181817,2.5,-0.38866067068722354,0.29369597458717045
3.4090909090909083,2.5,-0.41855994959841214,0.2589094837266969
3.6363636363636367,2.5,-0.43304064123520547,0.22748348123436707
3.8636363636363633,2.5,-0.4319520091472877,0.19919336191133516
4.09090909090909,2.5,-0.4157605400517286,0.17381655899322293
4.318181818181818,2.5,-0.38551990379150936,0.1511351500242201
4.545454545454545,2.5,-0.34281687920757253,0.13093755921724567
4.772727272727272,2.5,-0.28969586064231295,0.11301970610958474
5.0,2.5,-0.22856545626592412,0.09718581847194878
-5.0,2.7272727272727266,-0.19471287487537728,0.5219040401278241
-4.7727272727272725,2.7272727272727266,-0.25747434451417867,0.5788340648225644
-4.545454545454546,2.7272727272727266,-0.31383079612298603,0.6382685741438546
-4.318181818181818,2.7272727272727266,-0.3614512053133162,0.6996924297350787
-4.090909090909091,2.7272727272727266,-0.39832275857436367,0.7624811789663597
-3.8636363636363638,2.7272727272727266,-0.4228409765734054,0.825901208564041
-3.6363636363636367,2.7272727272727266,-0.4338834607760091,0.8891131328896539
-3.409090909090909,2.7272727272727266,-0.43086385856008597,0.9511788766381507
-3.1818181818181817,2.7272727272727266,-0.41376348199190893,1.0110729284699829
-2.9545454545454546,2.7272727272727266,-0.38313897675786585,1.0676982751552986
-2.7272727272727275,2.7272727272727266,-0.3401054780471861,1.119907576035508
-2.5,2.7272727272727266,-0.28629576326095507,1.1665301943373385
-2.272727272727273,2.7272727272727266,-0.22379696933026347,1.2064057320638808
-2.0454545454545454,2.7272727272727266,-0.1550674376338254,1.2384246483330907
-1.8181818181818183,2.7272727272727266,-0.08283713707696161,1.261576253081045
-1.5909090909090908,2.7272727272727266,-0.00999585554291547,1.2750036747901656
-1.3636363636363638,2.7272727272727266,0.060526092130399126,1.2780640834896486
-1.1363636363636367,2.7272727272727266,0.12587954098136156,1.2703903474646945
-0.9090909090909092,2.7272727272727266,0.18341531227233968,1.251947498411719
-0.6818181818181817,2.7272727272727266,0.23079508775346505,1.2230744627505923
-0.45454545454545503,2.7272727272727266,0.2660895303155254,1.184499747178167
-0.22727272727272751,2.7272727272727266,0.28785940182887226,1.1373208593006172
0.0,2.7272727272727266,0.2952161598242979,1.0829425059489084
0.22727272727272751,2.7272727272727266,0.28785940182887226,1.0229776583759709
0.45454545454545414,2.7272727272727266,0.2660895303155254,0.9591255951513744
0.6818181818181817,2.7272727272727266,0.23079508775346505,0.8930477265610404
0.9090909090909092,2.7272727272727266,0.18341531227233968,0.8262620840183386
1.1363636363636358,2.7272727272727266,0.12587954098136186,0.7600708207239454
1.3636363636363633,2.7272727272727266,0.060526092130399126,0.6955251930994168
1.5909090909090908,2.7272727272727266,-0.00999585554291547,0.6334235734755226
1.8181818181818183,2.7272727272727266,-0.08283713707696161,0.5743328873751323
2.045454545454545,2.7272727272727266,-0.1550674376338252,0.518622853369994
2.2727272727272725,2.7272727272727266,-0.22379696933026325,0.4665042204461481
2.5,2.7272727272727266,-0.28629576326095507,0.4180651308683877
2.7272727272727266,2.7272727272727266,-0.3401054780471858,0.37330252534516933
2.954545454545454,2.7272727272727266,-0.38313897675786585,0.33214756621918706
3.1818181818181817,2.7272727272727266,-0.41376348199190893,0.29448530222613134
3.4090909090909083,2.7272727272727266,-0.43086385856008597,0.26016940073406847
3.6363636363636367,2.7272727272727266,-0.4338834607760091,0.22903295439630061
3.8636363636363633,2.7272727272727266,-0.4228409765734055,0.2008963187685979
4.09090909090909,2.7272727272727266,-0.39832275857436367,0.17557278560856884
4.318181818181818,2.7272727272727266,-0.3614512053133162,0.15287271951161754
4.545454545454545,2.7272727272727266,-0.3138307961229863,0.13260662153040106
4.772727272727272,2.7272727272727266,-0.2574743445141789,0.11458744765161441
5.0,2.7272727272727266,-0.19471287487537728,0.09863240522849033
-5.0,2.954545454545454,-0.15764359172511627,0.4829087336333809
-4.7727272727272725,2.954545454545454,-0.22124796337001323,0.5353662970625286
-4.545454545454546,2.954545454545454,-0.28003287089775436,0.5900892105691153
-4.318181818181818,2.954545454545454,-0.3317555544330693,0.6465980068181899
-4.090909090909091,2.954545454545454,-0.3744452091028707,0.7043142165117827
-3.8636363636363638,2.954545454545454,-0.4064895622084274,0.7625613906064881
-3.6363636363636367,2.954545454545454,-0.42670663739201314,0.8205692853983251
-3.409090909090909,2.954545454545454,-0.434398415431095,0.8774816312216426
-3.1818181818181817,2.954545454545454,-0.42938388296159596,0.9323678963728347
-2.9545454545454546,2.954545454545454,-0.4120098602213577,0.9842394471823916
-2.7272727272727275,2.954545454545454,-0.383138976757866,1.0320704869064297
-2.5,2.954545454545454,-0.34411517612813347,1.0748241139781107
-2.272727272727273,2.954545454545454,-0.29670813132066826,1.1114837413369776
-2.0454545454545454,2.954545454545454,-0.24303889664162054,1.1410899074492462
-1.8181818181818183,2.954545454545454,-0.18548996620500863,1.1627821053927454
-1.5909090909090908,2.954545454545454,-0.12660361538597165,1.1758445619783893
-1.3636363636363638,2.954545454545454,-0.06897293721417948,1.1797538335365163
-1.1363636363636367,2.954545454545454,-0.015130325926680966,1.174224651237895
-0.9090909090909092,2.954545454545454,0.03256171120596901,1.1592488316742857
-0.6818181818181817,2.954545454545454,0.07201262153317865,1.1351207283480322
-0.45454545454545503,2.954545454545454,0.10149426507806075,1.1024423692241978
-0.22727272727272751,2.954545454545454,0.11971577818455584,1.062102895750127
0.0,2.954545454545454,0.12587954098136156,1.0152305840943197
0.22727272727272751,2.954545454545454,0.11971577818455584,0.9631210786261888
0.45454545454545414,2.954545454545454,0.10149426507806106,0.9071509345917664
0.6818181818181817,2.954545454545454,0.07201262153317865,0.8486890810077702
0.9090909090909092,2.954545454545454,0.03256171120596901,0.7890188895120315
1.1363636363636358,2.954545454545454,-0.015130325926680689,0.7292801668269712
1.3636363636363633,2.954545454545454,-0.06897293721417923,0.6704350574038601
1.5909090909090908,2.954545454545454,-0.12660361538597165,0.6132566131210185
1.8181818181818183,2.954545454545454,-0.18548996620500863,0.5583352196458934
2.045454545454545,2.954545454545454,-0.24303889664162054,0.5060966713732912
2.2727272727272725,2.954545454545454,-0.29670813132066826,0.45682606171740997
2.5,2.954545454545454,-0.34411517612813347,0.4106930106379537
2.7272727272727266,2.954545454545454,-0.38313897675786585,0.36777535446805576
2.954545454545454,2.954545454545454,-0.4120098602213577,0.32807981572746386
3.1818181818181817,2.954545454545454,-0.42938388296159596,0.2915591707038867
3.4090909090909083,2.954545454545454,-0.43439841543109503,0.25812604178280546
3.6363636363636367,2.954545454545454,-0.42670663739201314,0.2276637454987493
3.8636363636363633,2.954545454545454,-0.4064895622084275,0.2000347284802799
4.09090909090909,2.954545454545454,-0.37444520910287094,0.175087108245459
4.318181818181818,2.954545454545454,-0.3317555544330693,0.1526597651258175
4.545454545454545,2.954545454545454,-0.2800328708977549,0.13258634318287668
4.772727272727272,2.954545454545454,-0.2212479633700135,0.11469843238114147
5.0,2.954545454545454,-0.15764359172511627,0.09882813089100968
-5.0,3.1818181818181817,-0.11781747872045314,0.44467933639618845
-4.7727272727272725,3.1818181818181817,-0.18137623158380767,0.49280368146927694
-4.545454545454546,3.1818181818181817,-0.2416546099295855,0.5429737029730213
-4.318181818181818,3.1818181818181817,-0.2965089007046729,0.5947468646207292
-4.090909090909091,3.1818181818181817,-0.34402152148593607,0.6475915505775459
-3.8636363636363638,3.1818181818181817,-0.3825837971581838,0.7008887371086869
-3.6363636363636367,3.1818181818181817,-0.4109655000469913,0.7539366822435333
-3.409090909090909,3.1818181818181817,-0.42836798525347636,0.8059589987501193
-3.1818181818181817,3.1818181818181817,-0.4344584750476967,0.8561164427710173
-2.9545454545454546,3.1818181818181817,-0.42938388296159596,0.9035227042422473
-2.7272727272727275,3.1818181818181817,-0.41376348199190904,0.9472644175741881
-2.5,3.1818181818181817,-0.38866067068722354,0.9864255064969965
-2.272727272727273,3.1818181818181817,-0.3555350326571245,1.0201158099382315
-2.0454545454545454,3.1818181818181817,-0.3161767761955932,1.04750366977333
-1.8181818181818183,3.1818181818181817,-0.2726264404176203,1.067851752219708
-1.5909090909090908,3.1818181818181817,-0.22708342579257845,1.0805547832601747
-1.3636363636363638,3.1818181818181817,-0.1818074192175772,1.0851770958328044
-1.1363636363636367,3.1818181818181817,-0.13901711302373473,1.0814869735456143
-0.9090909090909092,3.1818181818181817,-0.10079074809513178,1.0694839069665163
-0.6818181818181817,3.1818181818181817,-0.06897293721417948,1.0494143631508008
-0.45454545454545503,3.1818181818181817,-0.04509194881346752,1.02177190567764
-0.22727272727272751,3.1818181818181817,-0.03029116575185823,0.9872788346125868
0.0,3.1818181818181817,-0.025277799484203348,0.9468490071859144
0.22727272727272751,3.1818181818181817,-0.03029116575185823,0.901534740855086
0.45454545454545414,3.1818181818181817,-0.04509194881346752,0.8524638141446363
0.6818181818181817,3.1818181818181817,-0.06897293721417948,0.8007745277895755
0.9090909090909092,3.1818181818181817,-0.10079074809513178,0.7475568583915192
1.1363636363636358,3.1818181818181817,-0.13901711302373448,0.6938059258169192
1.3636363636363633,3.1818181818181817,-0.181807419217577,0.6403910085364273
1.5909090909090908,3.1818181818181817,-0.22708342579257845,0.5880402117470338
1.8181818181818183,3.1818181818181817,-0.2726264404176203,0.5373384932230068
2.045454545454545,3.1818181818181817,-0.3161767761955931,0.4887354873630007
2.2727272727272725,3.1818181818181817,-0.3555350326571245,0.44255937267232764
2.5,3.1818181818181817,-0.38866067068722354,0.39903355732265566
2.7272727272727266,3.1818181818181817,-0.41376348199190893,0.35829381312192576
2.954545454545454,3.1818181818181817,-0.42938388296159596,0.320404362834474
3.1818181818181817,3.1818181818181817,-0.4344584750476967,0.2853721475903391
3.4090909090909083,3.1818181818181817,-0.42836798525347647,0.25315901304243393
3.6363636363636367,3.1818181818181817,-0.4109655000469913,0.22369186850565023
3.8636363636363633,3.1818181818181817,-0.3825837971581838,0.19687103683607038
4.09090909090909,3.1818181818181817,-0.34402152148593607,0.1725770734864961
4.318181818181818,3.1818181818181817,-0.2965089007046729,0.15067633253986887
4.545454545454545,3.1818181818181817,-0.2416546099295855,0.13102552568303075
4.772727272727272,3.1818181818181817,-0.18137623158380797,0.113475476510793
5.0,3.1818181818181817,-0.11781747872045314,0.09787422852595752
-5.0,3.4090909090909083,-0.07585352619178481,0.4075130882438
-4.7727272727272725,3.4090909090909083,-0.1384091344273347,0.4514685524755798
-4.545454545454546,3.4090909090909083,-0.19915113948473642,0.49726816335977814
-4.318181818181818,3.4090909090909083,-0.25604550611731985,0.5445066340897401
-4.090909090909091,3.4090909090909083,-0.307239590259265,0.5926989813763763
-3.8636363636363638,3.4090909090909083,-0.3511408779075035,0.6412826424661092
-3.6363636363636367,3.4090909090909083,-0.3864840577897565,0.689622413313808
-3.409090909090909,3.4090909090909083,-0.4123833888182014,0.7370185118637337
-3.1818181818181817,3.4090909090909083,-0.42836798525347647,0.7827180189387106
-2.9545454545454546,3.4090909090909083,-0.43439841543109503,0.8259298782850296
-2.7272727272727275,3.4090909090909083,-0.43086385856008597,0.8658435394201781
-2.5,3.4090909090909083,-0.41855994959841214,0.9016511902505111
-2.272727272727273,3.4090909090909083,-0.3986483238252157,0.9325733343170464
-2.0454545454545454,3.4090909090909083,-0.3725997098161872,0.9578871999448345
-1.8181818181818183,3.4090909090909083,-0.3421231733927124,0.9769571070340185
-1.5909090909090908,3.4090909090909083,-0.3090847508269133,0.9892654551346145
-1.3636363636363638,3.4090909090909083,-0.27541919760686207,0.9944424554866793
-1.1363636363636367,3.4090909090909083,-0.24303889664162034,0.9922921798690326
-0.9090909090909092,3.4090909090909083,-0.21374410200655805,0.9828120737128209
-0.6818181818181817,3.4090909090909083,-0.18913863484364962,0.9662029714395277
-0.45454545454545503,3.4090909090909083,-0.17055489935096776,0.942867065105881
-0.22727272727272751,3.4090909090909083,-0.15899166019097624,0.9133923489678767
0.0,3.4090909090909083,-0.1550674376338252,0.8785237508515423
0.22727272727272751,3.4090909090909083,-0.15899166019097624,0.8391231782025029
0.45454545454545414,3.4090909090909083,-0.17055489935096754,0.7961225542124856
0.6818181818181817,3.4090909090909083,-0.18913863484364962,0.7504750542191501
0.9090909090909092,3.4090909090909083,-0.21374410200655805,0.7031098172303057
1.1363636363636358,3.4090909090909083,-0.24303889664162012,0.6548943989535052
1.3636363636363633,3.4090909090909083,-0.27541919760686207,0.6066075027381649
1.5909090909090908,3.4090909090909083,-0.3090847508269133,0.5589226113265605
1.8181818181818183,3.4090909090909083,-0.3421231733927124,0.5124015389108345
2.045454545454545,3.4090909090909083,-0.3725997098161872,0.46749591424733383
2.2727272727272725,3.4090909090909083,-0.39864832382521553,0.4245542308515188
2.5,3.4090909090909083,-0.41855994959841214,0.38383222279711726
2.7272727272727266,3.4090909090909083,-0.43086385856008597,0.34550473795204106
2.954545454545454,3.4090909090909083,-0.43439841543109503,0.3096777947194187
3.1818181818181817,3.4090909090909083,-0.42836798525347647,0.27639999285384287
3.4090909090909083,3.4090909090909083,-0.4123833888182015,0.2456728372879113
3.6363636363636367,3.4090909090909083,-0.3864840577897565,0.21745980869362394
3.8636363636363633,3.4090909090909083,-0.3511408779075035,0.1916941869796427
4.09090909090909,3.4090909090909083,-0.3072395902592652,0.168285727352386
4.318181818181818,3.4090909090909083,-0.25604550611731985,0.1471263276298818
4.545454545454545,3.4090909090909083,-0.19915113948473673,0.12809483109462413
4.772727272727272,3.4090909090909083,-0.13840913442733502,0.1110610968026853
5.0,3.4090909090909083,-0.07585352619178481,0.0958894493053467
-5.0,3.6363636363636367,-0.032520447016547674,0.3716655823217413
-4.7727272727272725,3.6363636363636367,-0.09308072160737346,0.41163698800294873
-4.545454545454546,3.6363636363636367,-0.15319834571069918,0.4532678040839425
-4.318181818181818,3.6363636363636367,-0.21095917029532563,0.4961895311291341
-4.090909090909091,3.6363636363636367,-0.2645873929399491,0.5399627238197993
-3.8636363636363638,3.6363636363636367,-0.3125200424887646,0.5840793755547599
-3.6363636363636367,3.6363636363636367,-0.35347134357270993,0.627967895152628
-3.409090909090909,3.6363636363636367,-0.3864840577897563,0.6710009196973395
-3.1818181818181817,3.6363636363636367,-0.4109655000469913,0.712506143880242
-2.9545454545454546,3.6363636363636367,-0.42670663739201314,0.7517802609472866
-2.7272727272727275,3.6363636363636367,-0.43388346077600903,0.7881059980392772
-2.5,3.6363636363636367,-0.43304064123520547,0.8207720818044127
-2.272727272727273,3.6363636363636367,-0.42505830275293666,0.8490957797702936
-2.0454545454545454,3.6363636363636367,-0.41110352632306485,0.8724474209119415
-1.8181818181818183,3.6363636363636367,-0.3925689069720951,0.8902760020576379
-1.5909090909090908,3.6363636363636367,-0.3710010846653955,0.9021346443241175
-1.3636363636363638,3.6363636363636367,-0.34802263308893616,0.9077043060829287
-1.1363636363636367,3.6363636363636367,-0.32525099556297354,0.9068138462377543
-0.9090909090909092,3.6363636363636367,-0.3042182904693139,0.8994543560511254
-0.6818181818181817,3.6363636363636367,-0.28629576326095546,0.8857857520800391
-0.45454545454545503,3.6363636363636367,-0.2726264404176205,0.8661340490651187
-0.22727272727272751,3.6363636363636367,-0.2640691529134573,0.8409785532492328
0.0,3.6363636363636367,-0.2611565609522319,0.8109293693250442
0.22727272727272751,3.6363636363636367,-0.2640691529134573,0.7766969049305874
0.45454545454545414,3.6363636363636367,-0.2726264404176203,0.7390561963775961
0.6818181818181817,3.6363636363636367,-0.28629576326095546,0.6988095731256864
0.9090909090909092,3.6363636363636367,-0.3042182904693139,0.6567512381956101
1.1363636363636358,3.6363636363636367,-0.32525099556297343,0.6136367644947497
1.3636363636363633,3.6363636363636367,-0.34802263308893616,0.5701594757700919
1.5909090909090908,3.6363636363636367,-0.3710010846653955,0.5269344856965641
1.8181818181818183,3.6363636363636367,-0.3925689069720951,0.4844900942308114
2.045454545454545,3.6363636363636367,-0.41110352632306485,0.443265476682503
2.2727272727272725,3.6363636363636367,-0.4250583027529366,0.4036132101107907
2.5,3.6363636363636367,-0.43304064123520547,0.3658051193356786
2.7272727272727266,3.6363636363636367,-0.4338834607760091,0.33004008924667666
2.954545454545454,3.6363636363636367,-0.42670663739201314,0.2964527699497879
3.1818181818181817,3.6363636363636367,-0.4109655000469913,0.2651224068689415
3.4090909090909083,3.6363636363636367,-0.3864840577897565,0.23608130231009206
3.6363636363636367,3.6363636363636367,-0.35347134357270993,0.20932263171754267
3.8636363636363633,3.6363636363636367,-0.3125200424887646,0.1848074921139616
4.09090909090909,3.6363636363636367,-0.2645873929399491,0.16247115951831823
4.318181818181818,3.6363636363636367,-0.21095917029532563,0.1422285889365616
4.545454545454545,3.6363636363636367,-0.15319834571069949,0.1239792176392373
4.772727272727272,3.6363636363636367,-0.09308072160737375,0.10761114077410504
5.0,3.6363636363636367,-0.032520447016547674,0.09300472613112626
-5.0,3.8636363636363633,0.01128149211276207,0.33735034686615306
-4.7727272727272725,3.8636363636363633,-0.04629257313877436,0.3735386559759414
-4.545454545454546,3.8636363636363633,-0.10467846378221118,0.4112171248282632
-4.318181818181818,3.8636363636363633,-0.16209142291804737,0.45005295756809405
-4.090909090909091,3.8636363636363633,-0.21684424587208526,0.48965048257541904
-3.8636363636363638,3.8636363636363633,-0.26741731889043385,0.5295536581698539
-3.6363636363636367,3.8636363636363633,-0.3125200424887646,0.5692509259483223
-3.409090909090909,3.8636363636363633,-0.3511408779075033,0.6081826017025186
-3.1818181818181817,3.8636363636363633,-0.3825837971581838,0.6457509238084491
-2.9545454545454546,3.8636363636363633,-0.4064895622084274,0.6813327880236638
-2.7272727272727275,3.8636363636363633,-0.4228409765734054,0.7142950824349172
-2.5,3.8636363636363633,-0.4319520091472877,0.7440123931513665
-2.272727272727273,3.8636363636363633,-0.4344414498590579,0.7698866770666944
-2.0454545454545454,3.8636363636363633,-0.4311924838506371,0.7913682919253856
-1.8181818181818183,3.8636363636363633,-0.42330023106086706,0.8079775409683321
-1.5909090909090908,3.8636363636363633,-0.4120098602213577,0.8193256444283201
-1.3636363636363638,3.8636363636363633,-0.3986483238252157,0.8251338222129206
-1.1363636363636367,3.8636363636363633,-0.38455305300123144,0.8252490071661802
-0.9090909090909092,3.8636363636363633,-0.37100108466539533,0.8196546665448863
-0.6818181818181817,3.8636363636363633,-0.3591420616012068,0.8084753545220209
-0.45454545454545503,3.8636363636363633,-0.34993835083178537,0.7919739977854822
-0.22727272727272751,3.8636363636363633,-0.34411517612813347,0.7705415343350952
0.0,3.8636363636363633,-0.34212317339271253,0.7446793229724264
0.22727272727272751,3.8636363636363633,-0.34411517612813347,0.7149755902809692
0.45454545454545414,3.8636363636363633,-0.3499383508317852,0.6820779115850512
0.6818181818181817,3.8636363636363633,-0.3591420616012068,0.6466641663731548
0.9090909090909092,3.8636363636363633,-0.37100108466539533,0.6094144634757962
1.1363636363636358,3.8636363636363633,-0.38455305300123144,0.57098619437263
1.3636363636363633,3.8636363636363633,-0.3986483238252157,0.5319937429556444
1.5909090909090908,3.8636363636363633,-0.4120098602213577,0.4929936184815355
1.8181818181818183,3.8636363636363633,-0.42330023106086706,0.4544750530000279
2.045454545454545,3.8636363636363633,-0.431192483850637,0.4168555397286802
2.2727272727272725,3.8636363636363633,-0.4344414498590579,0.38048044213453197
2.5,3.8636363636363633,-0.4319520091472877,0.34562566932869615
2.7272727272727266,3.8636363636363633,-0.4228409765734055,0.3125024448977218
2.954545454545454,3.8636363636363633,-0.4064895622084275,0.2812633310631042
3.1818181818181817,3.8636363636363633,-0.3825837971581838,0.2520088501363083
3.4090909090909083,3.8636363636363633,-0.3511408779075035,0.22479422774323327
3.6363636363636367,3.8636363636363633,-0.3125200424887646,0.19963594172039906
3.8636363636363633,3.8636363636363633,-0.2674173188904341,0.17651788605661808
4.09090909090909,3.8636363636363633,-0.21684424587208553,0.15539704987799335
4.318181818181818,3.8636363636363633,-0.16209142291804737,0.13620867187511143
4.545454545454545,3.8636363636363633,-0.10467846378221148,0.1188708675235896
4.772727272727272,3.8636363636363633,-0.04629257313877465,0.10328874677829994
5.0,3.8636363636363633,0.01128149211276207,0.08935804944224472
-5.0,4.09090909090909,0.05454689931379276,0.3047393144899707
-4.7727272727272725,4.09090909090909,0.0009124097220548991,0.3373575625907538
-4.545454545454546,4.09090909090909,-0.05465449686637615,0.37131098542668095
-4.318181818181818,4.09090909090909,-0.11050698072460438,0.4063009331745242
-4.090909090909091,4.09090909090909,-0.1650577011486052,0.44197325596098863
-3.8636363636363638,4.09090909090909,-0.21684424587208526,0.47792081610469944
-3.6363636363636367,4.09090909090909,-0.2645873929399491,0.513688101187377
-3.409090909090909,4.09090909090909,-0.307239590259265,0.548778081716767
-3.1818181818181817,4.09090909090909,-0.34402152148593607,0.5826613855185171
-2.9545454545454546,4.09090909090909,-0.3744452091028707,0.6147877706240796
-2.7272727272727275,4.09090909090909,-0.39832275857436367,0.6445997678960332
-2.5,4.09090909090909,-0.4157605400517286,0.6715482330830634
-2.272727272727273,4.09090909090909,-0.427139303136179,0.6951093959836916
-2.0454545454545454,4.09090909090909,-0.43308139228601844,0.7148028253586395
-1.8181818181818183,4.09090909090909,-0.4344068435204367,0.7302095504813547
-1.5909090909090908,4.09090909090909,-0.4320806679116891,0.7409894091735886
-1.3636363636363638,4.09090909090909,-0.427154039012406,0.7468965520352175
-1.1363636363636367,4.09090909090909,-0.4207023803196849,0.7477919561456673
-0.9090909090909092,4.09090909090909,-0.41376348199190893,0.7436518266007888
-0.6818181818181817,4.09090909090909,-0.40727875716919726,0.7345709255283682
-0.45454545454545503,4.09090909090909,-0.40204057855894415,0.7207601849257866
-0.22727272727272751,4.09090909090909,-0.39864832382521553,0.7025384220743994
0.0,4.09090909090909,-0.3974753189884726,0.6803185366699445
0.22727272727272751,4.09090909090909,-0.39864832382521553,0.6545891430941659
0.45454545454545414,4.09090909090909,-0.40204057855894415,0.6258930751052173
0.6818181818181817,4.09090909090909,-0.40727875716919726,0.5948044968407389
0.9090909090909092,4.09090909090909,-0.41376348199190893,0.5619064040953256
1.1363636363636358,4.09090909090909,-0.4207023803196849,0.5277701010448478
1.3636363636363633,4.09090909090909,-0.427154039012406,0.49293784476877356
1.5909090909090908,4.09090909090909,-0.4320806679116891,0.45790935576455283
1.8181818181818183,4.09090909090909,-0.4344068435204367,0.4231323979905139
2.045454545454545,4.09090909090909,-0.43308139228601844,0.3889972181818246
2.2727272727272725,4.09090909090909,-0.427139303136179,0.3558343472161931
2.5,4.09090909090909,-0.4157605400517286,0.3239151150966175
2.7272727272727266,4.09090909090909,-0.39832275857436367,0.29345419667889544
2.954545454545454,4.09090909090909,-0.37444520910287094,0.264613554133162
3.1818181818181817,4.09090909090909,-0.34402152148593607,0.23750723854552483
3.4090909090909083,4.09090909090909,-0.3072395902592652,0.21220662701199533
3.6363636363636367,4.09090909090909,-0.2645873929399491,0.18874578215074048
3.8636363636363633,4.09090909090909,-0.21684424587208553,0.16712671634871298
4.09090909090909,4.09090909090909,-0.16505770114860552,0.14732441865366294
4.318181818181818,4.09090909090909,-0.11050698072460438,0.12929155817669194
4.545454545454545,4.09090909090909,-0.05465449686637643,0.11296281691773366
4.772727272727272,4.09090909090909,0.0009124097220543343,0.0982588307731144
5.0,4.09090909090909,0.05454689931379276,0.08508973380771766
-5.0,4.318181818181818,0.09619898181313855,0.27396407483642066
-4.7727272727272725,4.318181818181818,0.04738492721182554,0.3032335941825351
-4.545454545454546,4.318181818181818,-0.004334413723146344,0.33369645896301725
-4.318181818181818,4.318181818181818,-0.05745739609009813,0.3650862660107006
-4.090909090909091,4.318181818181818,-0.11050698072460438,0.3970878038523
-3.8636363636363638,4.318181818181818,-0.16209142291804737,0.42933948659671417
-3.6363636363636367,4.318181818181818,-0.21095917029532563,0.4614376489694094
-3.409090909090909,4.318181818181818,-0.2560455061173196,0.49294280848969246
-3.1818181818181817,4.318181818181818,-0.2965089007046729,0.5233879311201679
-2.9545454545454546,4.318181818181818,-0.3317555544330693,0.5522886510978212
-2.7272727272727275,4.318181818181818,-0.361451205313316,0.5791552941349655
-2.5,4.318181818181818,-0.38551990379150936,0.6035064367843619
-2.272727272727273,4.318181818181818,-0.4041300964866085,0.62488360619015
-2.0454545454545454,4.318181818181818,-0.41766897815539883,0.6428665890093752
-1.8181818181818183,4.318181818181818,-0.42670663739201314,0.6570886850339492
-1.5909090909090908,4.318181818181818,-0.43195200914728765,0.6672511237095288
-1.3636363636363638,4.318181818181818,-0.4342030326851928,0.6731357790383669
-1.1363636363636367,4.318181818181818,-0.4342936786753685,0.6746152927794494
-0.9090909090909092,4.318181818181818,-0.43304064123520547,0.6716597704698979
-0.6818181818181817,4.318181818181818,-0.4311924838506371,0.6643393675417627
-0.45454545454545503,4.318181818181818,-0.429383882961596,0.6528223393028206
-0.22727272727272751,4.318181818181818,-0.4280973370643983,0.6373684751873304
0.0,4.318181818181818,-0.427634316288533,0.618318238241373
0.22727272727272751,4.318181818181818,-0.4280973370643983,0.5960783294099359
0.45454545454545414,4.318181818181818,-0.429383882961596,0.5711047277739004
0.6818181818181817,4.318181818181818,-0.4311924838506371,0.5438844641123031
0.9090909090909092,4.318181818181818,-0.43304064123520547,0.5149174306701934
1.1363636363636358,4.318181818181818,-0.4342936786753685,0.48469941269684585
1.3636363636363633,4.318181818181818,-0.4342030326851928,0.45370727847311754
1.5909090909090908,4.318181818181818,-0.43195200914728765,0.4223869387705333
1.8181818181818183,4.318181818181818,-0.42670663739201314,0.39114434586312524
2.045454545454545,4.318181818181818,-0.41766897815539894,0.3603394997640141
2.2727272727272725,4.318181818181818,-0.4041300964866085,0.33028319988705185
2.5,4.318181818181818,-0.38551990379150936,0.30123613673592164
2.7272727272727266,4.318181818181818,-0.3614512053133162,0.2734098551117306
2.954545454545454,4.318181818181818,-0.3317555544330693,0.24696912084618614
3.1818181818181817,4.318181818181818,-0.2965089007046729,0.22203526604043017
3.4090909090909083,4.318181818181818,-0.25604550611731985,0.1986901532299292
3.6363636363636367,4.318181818181818,-0.21095917029532563,0.17698047109628626
3.8636363636363633,4.318181818181818,-0.16209142291804737,0.15692214284649134
4.09090909090909,4.318181818181818,-0.11050698072460438,0.13850468749891615
4.318181818181818,4.318181818181818,-0.05745739609009813,0.12169542200356687
4.545454545454545,4.318181818181818,-0.004334413723146627,0.10644342868099674
4.772727272727272,4.318181818181818,0.047384927211825266,0.0926832394410687
5.0,4.318181818181818,0.09619898181313855,0.08033820764816968
-5.0,4.545454545454545,0.13512919055449454,0.24511780333941643
-4.7727272727272725,4.545454545454545,0.09191148798815976,0.27126474422042907
-4.545454545454546,4.545454545454545,0.044973398434962564,0.29847536195158886
-4.318181818181818,4.545454545454545,-0.004334413723146627,0.32651337250300383
-4.090909090909091,4.545454545454545,-0.05465449686637615,0.3550997180899409
-3.8636363636363638,4.545454545454545,-0.10467846378221148,0.38391486369951616
-3.6363636363636367,4.545454545454545,-0.15319834571069949,0.41260272850082724
-3.409090909090909,4.545454545454545,-0.19915113948473673,0.4407763283218255
-3.1818181818181817,4.545454545454545,-0.2416546099295855,0.4680251400110568
-2.9545454545454546,4.545454545454545,-0.28003287089775464,0.4939241200588729
-2.7272727272727275,4.545454545454545,-0.31383079612298603,0.5180442193675289
-2.5,4.545454545454545,-0.34281687920757253,0.5399641356692156
-2.272727272727273,4.545454545454545,-0.36697474239904715,0.5592829384986719
-2.0454545454545454,4.545454545454545,-0.3864840577897565,0.5756330946550494
-1.8181818181818183,4.545454545454545,-0.40169216454025564,0.5886933231926561
-1.5909090909090908,4.545454545454545,-0.4130781163160118,0.5982006294990766
-1.3636363636363638,4.545454545454545,-0.4212112524778728,0.6039608218111041
-1.1363636363636367,4.545454545454545,-0.42670663739201325,0.6058568156307255
-0.9090909090909092,4.545454545454545,-0.4301798426427596,0.6038540956070539
-0.6818181818181817,4.545454545454545,-0.4322035510369332,0.598002839146625
-0.45454545454545503,4.545454545454545,-0.43326833943120036,0.5884364106636428
-0.22727272727272751,4.545454545454545,-0.43374975617136996,0.5753661967323563
0.0,4.545454545454545,-0.4338834607760091,0.5590730436429772
0.22727272727272751,4.545454545454545,-0.43374975617136996,0.5398958424066288
0.45454545454545414,4.545454545454545,-0.43326833943120036,0.5182180405034408
0.6818181818181817,4.545454545454545,-0.4322035510369332,0.494453008324478
0.9090909090909092,4.545454545454545,-0.4301798426427596,0.46902922940298875
1.1363636363636358,4.545454545454545,-0.42670663739201325,0.44237621526634946
1.3636363636363633,4.545454545454545,-0.4212112524778728,0.41491188629907727
1.5909090909090908,4.545454545454545,-0.4130781163160118,0.3870319423115521
1.8181818181818183,4.545454545454545,-0.40169216454025564,0.35910150928317036
2.045454545454545,4.545454545454545,-0.3864840577897567,0.3314491273523827
2.2727272727272725,4.545454545454545,-0.36697474239904737,0.3043629649104749
2.5,4.545454545454545,-0.34281687920757253,0.2780890172347243
2.7272727272727266,4.545454545454545,-0.3138307961229863,0.25283097630672685
2.954545454545454,4.545454545454545,-0.2800328708977549,0.22875143369311962
3.1818181818181817,4.545454545454545,-0.2416546099295855,0.20597408864499528
3.4090909090909083,4.545454545454545,-0.19915113948473673,0.18458666613257718
3.6363636363636367,4.545454545454545,-0.15319834571069949,0.16464429322235263
3.8636363636363633,4.545454545454545,-0.10467846378221148,0.14617312865233695
4.09090909090909,4.545454545454545,-0.05465449686637643,0.12917408425447374
4.318181818181818,4.545454545454545,-0.004334413723146627,0.11362651514101033
4.545454545454545,4.545454545454545,0.04497339843496231,0.09949178731719638
4.772727272727272,4.545454545454545,0.09191148798815951,0.08671665680211584
5.0,4.545454545454545,0.13512919055449454,0.07523641425846224
-5.0,4.772727272727272,0.17024106022826377,0.21825775635874434
-4.7727272727272725,4.772727272727272,0.13326206676813063,0.24150991554238482
-4.545454545454546,4.772727272727272,0.09191148798815976,0.26570735731338824
-4.318181818181818,4.772727272727272,0.047384927211825266,0.2906416562528707
-4.090909090909091,4.772727272727272,0.0009124097220548991,0.31606702745504833
-3.8636363636363638,4.772727272727272,-0.04629257313877436,0.34170244815542056
-3.6363636363636367,4.772727272727272,-0.09308072160737375,0.3672352051626321
-3.409090909090909,4.772727272727272,-0.13840913442733502,0.3923259214418181
-3.1818181818181817,4.772727272727272,-0.18137623158380797,0.4166150555008282
-2.9545454545454546,4.772727272727272,-0.2212479633700135,0.43973079710297663
-2.7272727272727275,4.772727272727272,-0.2574743445141789,0.4612982038887039
-2.5,4.772727272727272,-0.28969586064231295,0.48094933839900067
-2.272727272727273,4.772727272727272,-0.3177398175670217,0.4983340777463252
-2.0454545454545454,4.772727272727272,-0.34160721555060414,0.5131311843560384
-1.8181818181818183,4.772727272727272,-0.36145120531331637,0.525059153128749
-1.5909090909090908,4.772727272727272,-0.3775485966676225,0.5338862970055384
-1.3636363636363638,4.772727272727272,-0.39026622393335786,0.5394395092646469
-1.1363636363636367,4.772727272727272,-0.4000242085528647,0.5416111568139077
-0.9090909090909092,4.772727272727272,-0.4072582873415111,0.5403636221415128
-0.6818181818181817,4.772727272727272,-0.4123833888182015,0.5357311259710811
-0.45454545454545503,4.772727272727272,-0.4157605400517286,0.5278186248609177
-0.22727272727272751,4.772727272727272,-0.41766897815539905,0.5167977765476761
0.0,4.772727272727272,-0.4182850351233636,0.5029001810952971
0.22727272727272751,4.772727272727272,-0.41766897815539905,0.48640831222571385
0.45454545454545414,4.772727272727272,-0.4157605400517286,0.46764472331876317
0.6818181818181817,4.772727272727272,-0.4123833888182015,0.44696022318056433
0.9090909090909092,4.772727272727272,-0.4072582873415111,0.424721753690402
1.1363636363636358,4.772727272727272,-0.4000242085528647,0.401300663139358
1.3636363636363633,4.772727272727272,-0.39026622393335786,0.37706196625431565
1.5909090909090908,4.772727272727272,-0.3775485966676225,0.35235503481756913
1.8181818181818183,4.772727272727272,-0.36145120531331637,0.3275059961179479
2.045454545454545,4.772727272727272,-0.34160721555060414,0.3028119538489445
2.2727272727272725,4.772727272727272,-0.3177398175670219,0.27853700585403546
2.5,4.772727272727272,-0.28969586064231295,0.2549099261798312
2.7272727272727266,4.772727272727272,-0.2574743445141789,0.23212330858547509
2.954545454545454,4.772727272727272,-0.2212479633700135,0.21033393234069364
3.1818181818181817,4.772727272727272,-0.18137623158380797,0.18966410247924217
3.4090909090909083,4.772727272727272,-0.13840913442733502,0.17020372783644747
3.6363636363636367,4.772727272727272,-0.09308072160737375,0.15201292361442198
3.8636363636363633,4.772727272727272,-0.04629257313877465,0.1351249545988208
4.09090909090909,4.772727272727272,0.0009124097220543343,0.11954936590881983
4.318181818181818,4.772727272727272,0.047384927211825266,0.10527517737073332
4.545454545454545,4.772727272727272,0.09191148798815951,0.09227404370915665
4.772727272727272,4.772727272727272,0.13326206676813043,0.08050330518079499
5.0,4.772727272727272,0.17024106022826377,0.06990887209257753
-5.0,5.0,0.20049625055173417,0.19340822148507647
-4.7727272727272725,5.0,0.17024106022826394,0.21399218631823835
-4.545454545454546,5.0,0.13512919055449477,0.23541352305740149
-4.318181818181818,5.0,0.09619898181313855,0.2574893488904649
-4.090909090909091,5.0,0.05454689931379276,0.28000425795656186
-3.8636363636363638,5.0,0.01128149211276207,0.3027122475964436
-3.6363636363636367,5.0,-0.032520447016547674,0.32533988035756006
-3.409090909090909,5.0,-0.07585352619178481,0.34759071807992015
-3.1818181818181817,5.0,-0.11781747872045314,0.3691510109870305
-2.9545454545454546,5.0,-0.15764359172511597,0.3896965631532048
-2.7272727272727275,5.0,-0.19471287487537697,0.40890062790664733
-2.5,5.0,-0.22856545626592412,0.42644261546327616
-2.272727272727273,5.0,-0.2589011605480669,0.4420173242264242
-2.0454545454545454,5.0,-0.28557168536892397,0.45534434172159516
-1.8181818181818183,5.0,-0.30856522263979586,0.4661772071375377
-1.5909090909090908,5.0,-0.32798474952303824,0.4743118918056685
-1.3636363636363638,5.0,-0.34402152148593607,0.4795941437910239
-1.1363636363636367,5.0,-0.3569255212522521,0.48192526448281126
-0.9090909090909092,5.0,-0.36697474239904715,0.4812659430268511
-0.6818181818181817,5.0,-0.3744452091028707,0.4776378695095271
-0.45454545454545503,5.0,-0.37958355379551106,0.4711229760748377
-0.22727272727272751,5.0,-0.3825837971581838,0.46186030727567534
0.0,5.0,-0.3835697098652554,0.4500406825171046
0.22727272727272751,5.0,-0.3825837971581838,0.435899466669082
0.45454545454545414,5.0,-0.37958355379551106,0.41970789151367915
0.6818181818181817,5.0,-0.3744452091028707,0.40176345524771434
0.9090909090909092,5.0,-0.36697474239904715,0.3823799603822956
1.1363636363636358,5.0,-0.3569255212522521,0.3618777305389797
1.3636363636363633,5.0,-0.34402152148593607,0.340574480273018
1.5909090909090908,5.0,-0.32798474952303824,0.31877721184084606
1.8181818181818183,5.0,-0.30856522263979586,0.2967753947518092
2.045454545454545,5.0,-0.2855716853689243,0.2748355639868393
2.2727272727272725,5.0,-0.2589011605480669,0.2531973641633121
2.5,5.0,-0.22856545626592412,0.23207097851937858
2.7272727272727266,5.0,-0.19471287487537728,0.2116358174496669
2.954545454545454,5.0,-0.15764359172511627,0.19204030137118558
3.1818181818181817,5.0,-0.11781747872045314,0.17340255393511547
3.4090909090909083,5.0,-0.07585352619178481,0.15581181946922668
3.6363636363636367,5.0,-0.032520447016547674,0.13933042809530755
3.8636363636363633,5.0,0.01128149211276207,0.12399614871195419
4.09090909090909,5.0,0.05454689931379276,0.10982479034112652
4.318181818181818,5.0,0.09619898181313855,0.09681293359412547
4.545454545454545,5.0,0.13512919055449454,0.0849406945404771
4.772727272727272,5.0,0.17024106022826377,0.0741744421330834
5.0,5.0,0.20049625055173417,0.06446940716169215
